team,p_title,p_top4,p_relegation,date,league
Arsenal,0.7982,1.0,0.0,2026-10-06,pl
Man City,0.2016,1.0,0.0,2026-10-06,pl
Liverpool,0.0002,1.0,0.0,2026-10-06,pl
Brentford,0.0,0.0,0.0,2026-10-06,pl
Brighton,0.0,0.0011,0.0,2026-10-06,pl
Burnley,0.0,0.0,0.0,2026-10-06,pl
Chelsea,0.0,0.0166,0.0,2026-10-06,pl
Coventry City,0.0,0.0,0.0049,2026-10-06,pl
Crystal Palace,0.0,0.0,0.0,2026-10-06,pl
Aston Villa,0.0,0.9647,0.0,2026-10-06,pl
Bournemouth,0.0,0.0,0.0,2026-10-06,pl
Fulham,0.0,0.0,0.0,2026-10-06,pl
Everton,0.0,0.0,0.0,2026-10-06,pl
Hull City,0.0,0.0,0.0,2026-10-06,pl
Ipswich Town,0.0,0.0,0.0,2026-10-06,pl
Leicester,0.0,0.0,0.9951,2026-10-06,pl
Leeds,0.0,0.0,0.0,2026-10-06,pl
Luton,0.0,0.0,0.0,2026-10-06,pl
Man United,0.0,0.0015,0.0,2026-10-06,pl
Newcastle,0.0,0.0161,0.0,2026-10-06,pl
Nott'm Forest,0.0,0.0,0.0,2026-10-06,pl
Sheffield United,0.0,0.0,1.0,2026-10-06,pl
Southampton,0.0,0.0,1.0,2026-10-06,pl
Sunderland,0.0,0.0,0.0,2026-10-06,pl
Tottenham,0.0,0.0,0.0,2026-10-06,pl
West Ham,0.0,0.0,0.0,2026-10-06,pl
Wolves,0.0,0.0,0.0,2026-10-06,pl
Arsenal,0.7982,1.0,0.0,2026-10-06,pl
Man City,0.2016,1.0,0.0,2026-10-06,pl
Liverpool,0.0002,1.0,0.0,2026-10-06,pl
Brentford,0.0,0.0,0.0,2026-10-06,pl
Brighton,0.0,0.0011,0.0,2026-10-06,pl
Burnley,0.0,0.0,0.0,2026-10-06,pl
Chelsea,0.0,0.0166,0.0,2026-10-06,pl
Coventry City,0.0,0.0,0.0049,2026-10-06,pl
Crystal Palace,0.0,0.0,0.0,2026-10-06,pl
Aston Villa,0.0,0.9647,0.0,2026-10-06,pl
Bournemouth,0.0,0.0,0.0,2026-10-06,pl
Fulham,0.0,0.0,0.0,2026-10-06,pl
Everton,0.0,0.0,0.0,2026-10-06,pl
Hull City,0.0,0.0,0.0,2026-10-06,pl
Ipswich Town,0.0,0.0,0.0,2026-10-06,pl
Leicester,0.0,0.0,0.9951,2026-10-06,pl
Leeds,0.0,0.0,0.0,2026-10-06,pl
Luton,0.0,0.0,0.0,2026-10-06,pl
Man United,0.0,0.0015,0.0,2026-10-06,pl
Newcastle,0.0,0.0161,0.0,2026-10-06,pl
Nott'm Forest,0.0,0.0,0.0,2026-10-06,pl
Sheffield United,0.0,0.0,1.0,2026-10-06,pl
Southampton,0.0,0.0,1.0,2026-10-06,pl
Sunderland,0.0,0.0,0.0,2026-10-06,pl
Tottenham,0.0,0.0,0.0,2026-10-06,pl
West Ham,0.0,0.0,0.0,2026-10-06,pl
Wolves,0.0,0.0,0.0,2026-10-06,pl
Barcelona,0.9265,1.0,0.0,2026-10-06,laliga
Real Madrid,0.0735,1.0,0.0,2026-10-06,laliga
Alaves,0.0,0.0,0.0,2026-10-06,laliga
Ath Bilbao,0.0,0.0097,0.0,2026-10-06,laliga
Almeria,0.0,0.0,0.9972,2026-10-06,laliga
Betis,0.0,0.0682,0.0,2026-10-06,laliga
Cadiz,0.0,0.0,0.0,2026-10-06,laliga
Celta,0.0,0.0,0.0,2026-10-06,laliga
Elche,0.0,0.0,0.0,2026-10-06,laliga
Espanyol,0.0,0.0,0.0,2026-10-06,laliga
Getafe,0.0,0.0,0.0,2026-10-06,laliga
Girona,0.0,0.0,0.0,2026-10-06,laliga
Ath Madrid,0.0,1.0,0.0,2026-10-06,laliga
Granada,0.0,0.0,1.0,2026-10-06,laliga
La Coruna,0.0,0.0,0.0,2026-10-06,laliga
Leganes,0.0,0.0,0.0,2026-10-06,laliga
Las Palmas,0.0,0.0,0.0,2026-10-06,laliga
Malaga,0.0,0.0,0.0028,2026-10-06,laliga
Mallorca,0.0,0.0,0.0,2026-10-06,laliga
Osasuna,0.0,0.0,0.0,2026-10-06,laliga
Levante,0.0,0.0,0.0,2026-10-06,laliga
Oviedo,0.0,0.0,0.0,2026-10-06,laliga
Rayo Vallecano,0.0,0.0,0.0,2026-10-06,laliga
Real Sociedad,0.0,0.0,0.0,2026-10-06,laliga
Santander,0.0,0.0,0.0,2026-10-06,laliga
Sevilla,0.0,0.0,0.0,2026-10-06,laliga
Valencia,0.0,0.0,0.0,2026-10-06,laliga
Valladolid,0.0,0.0,1.0,2026-10-06,laliga
Villarreal,0.0,0.9221,0.0,2026-10-06,laliga
Bayern Munich,1.0,1.0,0.0,2026-10-06,bundesliga
Augsburg,0.0,0.0,0.0,2026-10-06,bundesliga
Bochum,0.0,0.0,0.0,2026-10-06,bundesliga
Darmstadt,0.0,0.0,1.0,2026-10-06,bundesliga
Dortmund,0.0,0.9997,0.0,2026-10-06,bundesliga
Ein Frankfurt,0.0,0.0,0.0,2026-10-06,bundesliga
Elversberg,0.0,0.0,0.0001,2026-10-06,bundesliga
FC Koln,0.0,0.0,0.0,2026-10-06,bundesliga
Freiburg,0.0,0.0,0.0,2026-10-06,bundesliga
Hamburg,0.0,0.0,0.0,2026-10-06,bundesliga
Heidenheim,0.0,0.0,0.0,2026-10-06,bundesliga
Hoffenheim,0.0,0.0,0.0,2026-10-06,bundesliga
Holstein Kiel,0.0,0.0,0.9954,2026-10-06,bundesliga
Leverkusen,0.0,1.0,0.0,2026-10-06,bundesliga
M'gladbach,0.0,0.0,0.0,2026-10-06,bundesliga
Mainz,0.0,0.0,0.0,2026-10-06,bundesliga
Paderborn,0.0,0.0,0.0036,2026-10-06,bundesliga
RB Leipzig,0.0,0.351,0.0,2026-10-06,bundesliga
Schalke 04,0.0,0.0,0.0009,2026-10-06,bundesliga
St Pauli,0.0,0.0,0.0,2026-10-06,bundesliga
Stuttgart,0.0,0.6493,0.0,2026-10-06,bundesliga
Union Berlin,0.0,0.0,0.0,2026-10-06,bundesliga
Werder Bremen,0.0,0.0,0.0,2026-10-06,bundesliga
Wolfsburg,0.0,0.0,0.0,2026-10-06,bundesliga
Inter,1.0,1.0,0.0,2026-10-06,seriea
Bologna,0.0,0.0,0.0,2026-10-06,seriea
Cagliari,0.0,0.0,0.0,2026-10-06,seriea
Como,0.0,0.0,0.0,2026-10-06,seriea
Cremonese,0.0,0.0,0.9999,2026-10-06,seriea
Empoli,0.0,0.0,0.0,2026-10-06,seriea
Fiorentina,0.0,0.0,0.0,2026-10-06,seriea
Frosinone,0.0,0.0,0.0,2026-10-06,seriea
Atalanta,0.0,0.0141,0.0,2026-10-06,seriea
Genoa,0.0,0.0,0.0,2026-10-06,seriea
Juventus,0.0,0.8003,0.0,2026-10-06,seriea
Lazio,0.0,0.0,0.0,2026-10-06,seriea
Lecce,0.0,0.0,0.0,2026-10-06,seriea
Milan,0.0,0.6374,0.0,2026-10-06,seriea
Monza,0.0,0.0,0.0,2026-10-06,seriea
Napoli,0.0,0.5915,0.0,2026-10-06,seriea
Parma,0.0,0.0,0.0,2026-10-06,seriea
Pisa,0.0,0.0,1.0,2026-10-06,seriea
Roma,0.0,0.9567,0.0,2026-10-06,seriea
Salernitana,0.0,0.0,1.0,2026-10-06,seriea
Sassuolo,0.0,0.0,0.0,2026-10-06,seriea
Torino,0.0,0.0,0.0,2026-10-06,seriea
Udinese,0.0,0.0,0.0,2026-10-06,seriea
Venezia,0.0,0.0,0.0001,2026-10-06,seriea
Verona,0.0,0.0,0.0,2026-10-06,seriea
Paris SG,1.0,1.0,0.0,2026-10-06,ligue1
Angers,0.0,0.0,0.0,2026-10-06,ligue1
Brest,0.0,0.0,0.0,2026-10-06,ligue1
Auxerre,0.0,0.0,0.0,2026-10-06,ligue1
Le Havre,0.0,0.0,0.0,2026-10-06,ligue1
Le Mans,0.0,0.0,0.0076,2026-10-06,ligue1
Lens,0.0,0.2782,0.0,2026-10-06,ligue1
Clermont,0.0,0.0,1.0,2026-10-06,ligue1
Lille,0.0,0.9805,0.0,2026-10-06,ligue1
Lorient,0.0,0.0,0.0,2026-10-06,ligue1
Marseille,0.0,0.2466,0.0,2026-10-06,ligue1
Lyon,0.0,0.5231,0.0,2026-10-06,ligue1
Monaco,0.0,0.9716,0.0,2026-10-06,ligue1
Montpellier,0.0,0.0,0.0,2026-10-06,ligue1
Nantes,0.0,0.0,0.0,2026-10-06,ligue1
Metz,0.0,0.0,0.0,2026-10-06,ligue1
Nice,0.0,0.0,0.0,2026-10-06,ligue1
Paris FC,0.0,0.0,0.0,2026-10-06,ligue1
Reims,0.0,0.0,0.0,2026-10-06,ligue1
Rennes,0.0,0.0,0.0,2026-10-06,ligue1
St Etienne,0.0,0.0,0.9653,2026-10-06,ligue1
Strasbourg,0.0,0.0,0.0,2026-10-06,ligue1
Toulouse,0.0,0.0,0.0,2026-10-06,ligue1
Troyes,0.0,0.0,0.0271,2026-10-06,ligue1
Man City,0.4852,0.982,0.0,2026-10-06,pl
Arsenal,0.4246,0.979,0.0,2026-10-06,pl
Liverpool,0.0645,0.7772,0.0,2026-10-06,pl
Brighton,0.0189,0.476,0.0,2026-10-06,pl
Newcastle,0.0017,0.1434,0.0,2026-10-06,pl
Leeds,0.0015,0.1539,0.0,2026-10-06,pl
Hull City,0.0013,0.1166,0.0,2026-10-06,pl
Brentford,0.0009,0.0938,0.0,2026-10-06,pl
Aston Villa,0.0006,0.0922,0.0,2026-10-06,pl
Man United,0.0006,0.0712,0.0,2026-10-06,pl
Bournemouth,0.0001,0.0235,0.0,2026-10-06,pl
Everton,0.0001,0.0484,0.0,2026-10-06,pl
Fulham,0.0,0.0036,0.0,2026-10-06,pl
Coventry City,0.0,0.0021,0.0,2026-10-06,pl
Chelsea,0.0,0.0116,0.0,2026-10-06,pl
Burnley,0.0,0.0,0.0,2026-10-06,pl
Crystal Palace,0.0,0.0009,0.0,2026-10-06,pl
Leicester,0.0,0.0,0.0,2026-10-06,pl
Ipswich Town,0.0,0.0004,0.0,2026-10-06,pl
Luton,0.0,0.0,0.0,2026-10-06,pl
Nott'm Forest,0.0,0.0054,0.0,2026-10-06,pl
Sheffield United,0.0,0.0,0.0,2026-10-06,pl
Southampton,0.0,0.0,1.0,2026-10-06,pl
Sunderland,0.0,0.0186,0.0,2026-10-06,pl
Tottenham,0.0,0.0002,0.0,2026-10-06,pl
West Ham,0.0,0.0,1.0,2026-10-06,pl
Wolves,0.0,0.0,1.0,2026-10-06,pl
Barcelona,0.8862,1.0,0.0,2026-10-06,laliga
Real Madrid,0.1123,0.9984,0.0,2026-10-06,laliga
Ath Madrid,0.001,0.8242,0.0,2026-10-06,laliga
Betis,0.0004,0.6547,0.0,2026-10-06,laliga
Villarreal,0.0001,0.2574,0.0,2026-10-06,laliga
Almeria,0.0,0.0,0.0,2026-10-06,laliga
Cadiz,0.0,0.0,0.0,2026-10-06,laliga
Celta,0.0,0.0029,0.0,2026-10-06,laliga
Elche,0.0,0.0007,0.0,2026-10-06,laliga
Espanyol,0.0,0.0018,0.0,2026-10-06,laliga
Getafe,0.0,0.0007,0.0,2026-10-06,laliga
Ath Bilbao,0.0,0.0324,0.0,2026-10-06,laliga
Alaves,0.0,0.0204,0.0,2026-10-06,laliga
Granada,0.0,0.0,0.0,2026-10-06,laliga
Girona,0.0,0.0,0.0,2026-10-06,laliga
La Coruna,0.0,0.1278,0.0,2026-10-06,laliga
Las Palmas,0.0,0.0,0.0,2026-10-06,laliga
Malaga,0.0,0.0,0.0,2026-10-06,laliga
Mallorca,0.0,0.0,1.0,2026-10-06,laliga
Leganes,0.0,0.0,0.0,2026-10-06,laliga
Levante,0.0,0.0001,0.0,2026-10-06,laliga
Oviedo,0.0,0.0,1.0,2026-10-06,laliga
Osasuna,0.0,0.0014,0.0,2026-10-06,laliga
Real Sociedad,0.0,0.0088,0.0,2026-10-06,laliga
Rayo Vallecano,0.0,0.0188,0.0,2026-10-06,laliga
Santander,0.0,0.0027,0.0,2026-10-06,laliga
Sevilla,0.0,0.0455,0.0,2026-10-06,laliga
Valencia,0.0,0.0013,0.0,2026-10-06,laliga
Valladolid,0.0,0.0,1.0,2026-10-06,laliga
Bayern Munich,0.9462,0.9999,0.0,2026-10-06,bundesliga
Dortmund,0.035,0.9709,0.0,2026-10-06,bundesliga
Leverkusen,0.0183,0.9443,0.0,2026-10-06,bundesliga
Stuttgart,0.0003,0.345,0.0,2026-10-06,bundesliga
RB Leipzig,0.0002,0.4284,0.0,2026-10-06,bundesliga
Darmstadt,0.0,0.0,0.0,2026-10-06,bundesliga
Bochum,0.0,0.0,0.0,2026-10-06,bundesliga
Augsburg,0.0,0.0154,0.0,2026-10-06,bundesliga
FC Koln,0.0,0.0006,0.0,2026-10-06,bundesliga
Elversberg,0.0,0.0935,0.0,2026-10-06,bundesliga
Ein Frankfurt,0.0,0.0318,0.0,2026-10-06,bundesliga
Freiburg,0.0,0.0855,0.0,2026-10-06,bundesliga
Hoffenheim,0.0,0.0088,0.0,2026-10-06,bundesliga
Holstein Kiel,0.0,0.0,0.0,2026-10-06,bundesliga
Heidenheim,0.0,0.0,0.0,2026-10-06,bundesliga
Hamburg,0.0,0.0022,0.0,2026-10-06,bundesliga
Mainz,0.0,0.0067,0.0,2026-10-06,bundesliga
M'gladbach,0.0,0.0,0.0,2026-10-06,bundesliga
Schalke 04,0.0,0.0508,0.0,2026-10-06,bundesliga
Paderborn,0.0,0.0059,0.0,2026-10-06,bundesliga
St Pauli,0.0,0.0,1.0,2026-10-06,bundesliga
Union Berlin,0.0,0.0016,0.0,2026-10-06,bundesliga
Werder Bremen,0.0,0.0087,0.0,2026-10-06,bundesliga
Wolfsburg,0.0,0.0,1.0,2026-10-06,bundesliga
Inter,0.5825,0.9909,0.0,2026-10-06,seriea
Roma,0.357,0.9728,0.0,2026-10-06,seriea
Juventus,0.0244,0.6042,0.0,2026-10-06,seriea
Milan,0.0231,0.5779,0.0,2026-10-06,seriea
Napoli,0.0061,0.3249,0.0,2026-10-06,seriea
Lazio,0.0052,0.2972,0.0,2026-10-06,seriea
Como,0.0015,0.1666,0.0,2026-10-06,seriea
Atalanta,0.0002,0.0457,0.0,2026-10-06,seriea
Bologna,0.0,0.0053,0.0,2026-10-06,seriea
Genoa,0.0,0.0001,0.0,2026-10-06,seriea
Frosinone,0.0,0.0038,0.0,2026-10-06,seriea
Fiorentina,0.0,0.0009,0.0,2026-10-06,seriea
Empoli,0.0,0.0,0.0,2026-10-06,seriea
Cremonese,0.0,0.0,0.0,2026-10-06,seriea
Cagliari,0.0,0.0081,0.0,2026-10-06,seriea
Monza,0.0,0.0,0.0,2026-10-06,seriea
Lecce,0.0,0.0001,0.0,2026-10-06,seriea
Parma,0.0,0.0001,0.0,2026-10-06,seriea
Pisa,0.0,0.0,1.0,2026-10-06,seriea
Salernitana,0.0,0.0,1.0,2026-10-06,seriea
Sassuolo,0.0,0.0012,0.0,2026-10-06,seriea
Torino,0.0,0.0,0.0,2026-10-06,seriea
Udinese,0.0,0.0002,0.0,2026-10-06,seriea
Venezia,0.0,0.0,0.0,2026-10-06,seriea
Verona,0.0,0.0,1.0,2026-10-06,seriea
Paris SG,0.6583,0.9754,0.0,2026-10-06,ligue1
Lille,0.1631,0.7921,0.0,2026-10-06,ligue1
Lyon,0.0794,0.6114,0.0,2026-10-06,ligue1
Monaco,0.0563,0.58,0.0,2026-10-06,ligue1
Paris FC,0.0286,0.4091,0.0,2026-10-06,ligue1
Lens,0.0045,0.1887,0.0,2026-10-06,ligue1
Marseille,0.0035,0.1231,0.0,2026-10-06,ligue1
Rennes,0.0022,0.1014,0.0,2026-10-06,ligue1
Toulouse,0.0015,0.0457,0.0,2026-10-06,ligue1
Strasbourg,0.0013,0.0529,0.0,2026-10-06,ligue1
Le Mans,0.0009,0.0515,0.0,2026-10-06,ligue1
Troyes,0.0002,0.0157,0.0,2026-10-06,ligue1
Brest,0.0001,0.0263,0.0,2026-10-06,ligue1
Nice,0.0001,0.0198,0.0,2026-10-06,ligue1
Auxerre,0.0,0.0013,0.0,2026-10-06,ligue1
Clermont,0.0,0.0,0.0,2026-10-06,ligue1
Le Havre,0.0,0.0,0.0,2026-10-06,ligue1
Angers,0.0,0.0007,0.0,2026-10-06,ligue1
Lorient,0.0,0.0049,0.0,2026-10-06,ligue1
Metz,0.0,0.0,0.0,2026-10-06,ligue1
Nantes,0.0,0.0,0.0,2026-10-06,ligue1
Montpellier,0.0,0.0,0.0,2026-10-06,ligue1
Reims,0.0,0.0,1.0,2026-10-06,ligue1
St Etienne,0.0,0.0,1.0,2026-10-06,ligue1
Man City,0.4852,0.982,0.0,2026-10-06,pl
Arsenal,0.4246,0.979,0.0,2026-10-06,pl
Liverpool,0.0645,0.7772,0.0,2026-10-06,pl
Brighton,0.0189,0.476,0.0006,2026-10-06,pl
Newcastle,0.0017,0.1434,0.0068,2026-10-06,pl
Leeds,0.0015,0.1539,0.0069,2026-10-06,pl
Hull City,0.0013,0.1166,0.0164,2026-10-06,pl
Brentford,0.0009,0.0938,0.0148,2026-10-06,pl
Man United,0.0006,0.0712,0.0241,2026-10-06,pl
Aston Villa,0.0006,0.0922,0.0289,2026-10-06,pl
Bournemouth,0.0001,0.0235,0.0677,2026-10-06,pl
Everton,0.0001,0.0484,0.0355,2026-10-06,pl
Ipswich Town,0.0,0.0004,0.59,2026-10-06,pl
Fulham,0.0,0.0036,0.2466,2026-10-06,pl
Coventry City,0.0,0.0021,0.3791,2026-10-06,pl
Crystal Palace,0.0,0.0009,0.506,2026-10-06,pl
Chelsea,0.0,0.0116,0.1398,2026-10-06,pl
Nott'm Forest,0.0,0.0054,0.2069,2026-10-06,pl
Sunderland,0.0,0.0186,0.0841,2026-10-06,pl
Tottenham,0.0,0.0002,0.6458,2026-10-06,pl
Barcelona,0.8862,1.0,0.0,2026-10-06,laliga
Real Madrid,0.1123,0.9984,0.0,2026-10-06,laliga
Ath Madrid,0.001,0.8242,0.0,2026-10-06,laliga
Betis,0.0004,0.6547,0.0,2026-10-06,laliga
Villarreal,0.0001,0.2574,0.0002,2026-10-06,laliga
Ath Bilbao,0.0,0.0324,0.025,2026-10-06,laliga
Alaves,0.0,0.0204,0.0419,2026-10-06,laliga
Celta,0.0,0.0029,0.163,2026-10-06,laliga
Getafe,0.0,0.0007,0.2491,2026-10-06,laliga
La Coruna,0.0,0.1278,0.003,2026-10-06,laliga
Elche,0.0,0.0007,0.2996,2026-10-06,laliga
Espanyol,0.0,0.0018,0.1678,2026-10-06,laliga
Malaga,0.0,0.0,0.5958,2026-10-06,laliga
Levante,0.0,0.0001,0.4492,2026-10-06,laliga
Rayo Vallecano,0.0,0.0188,0.0372,2026-10-06,laliga
Osasuna,0.0,0.0014,0.2874,2026-10-06,laliga
Real Sociedad,0.0,0.0088,0.0778,2026-10-06,laliga
Santander,0.0,0.0027,0.2527,2026-10-06,laliga
Sevilla,0.0,0.0455,0.0133,2026-10-06,laliga
Valencia,0.0,0.0013,0.337,2026-10-06,laliga
Bayern Munich,0.9462,0.9999,0.0,2026-10-06,bundesliga
Dortmund,0.035,0.9709,0.0,2026-10-06,bundesliga
Leverkusen,0.0183,0.9443,0.0,2026-10-06,bundesliga
Stuttgart,0.0003,0.345,0.0009,2026-10-06,bundesliga
RB Leipzig,0.0002,0.4284,0.0003,2026-10-06,bundesliga
Augsburg,0.0,0.0154,0.0461,2026-10-06,bundesliga
FC Koln,0.0,0.0006,0.3096,2026-10-06,bundesliga
Freiburg,0.0,0.0855,0.0058,2026-10-06,bundesliga
Elversberg,0.0,0.0935,0.0051,2026-10-06,bundesliga
Ein Frankfurt,0.0,0.0318,0.026,2026-10-06,bundesliga
Hoffenheim,0.0,0.0088,0.1035,2026-10-06,bundesliga
Hamburg,0.0,0.0022,0.2111,2026-10-06,bundesliga
Mainz,0.0,0.0067,0.1223,2026-10-06,bundesliga
M'gladbach,0.0,0.0,0.7299,2026-10-06,bundesliga
Paderborn,0.0,0.0059,0.0891,2026-10-06,bundesliga
Schalke 04,0.0,0.0508,0.0207,2026-10-06,bundesliga
Union Berlin,0.0,0.0016,0.258,2026-10-06,bundesliga
Werder Bremen,0.0,0.0087,0.0716,2026-10-06,bundesliga
Inter,0.5825,0.9909,0.0,2026-10-06,seriea
Roma,0.357,0.9728,0.0,2026-10-06,seriea
Juventus,0.0244,0.6042,0.0,2026-10-06,seriea
Milan,0.0231,0.5779,0.0,2026-10-06,seriea
Napoli,0.0061,0.3249,0.0,2026-10-06,seriea
Lazio,0.0052,0.2972,0.0,2026-10-06,seriea
Como,0.0015,0.1666,0.0,2026-10-06,seriea
Atalanta,0.0002,0.0457,0.0007,2026-10-06,seriea
Cagliari,0.0,0.0081,0.0048,2026-10-06,seriea
Bologna,0.0,0.0053,0.009,2026-10-06,seriea
Genoa,0.0,0.0001,0.5697,2026-10-06,seriea
Frosinone,0.0,0.0038,0.0098,2026-10-06,seriea
Lecce,0.0,0.0001,0.2561,2026-10-06,seriea
Fiorentina,0.0,0.0009,0.0497,2026-10-06,seriea
Monza,0.0,0.0,0.786,2026-10-06,seriea
Parma,0.0,0.0001,0.1166,2026-10-06,seriea
Sassuolo,0.0,0.0012,0.0342,2026-10-06,seriea
Torino,0.0,0.0,0.0912,2026-10-06,seriea
Udinese,0.0,0.0002,0.1003,2026-10-06,seriea
Venezia,0.0,0.0,0.9719,2026-10-06,seriea
Paris SG,0.6583,0.9754,0.0,2026-10-06,ligue1
Lille,0.1631,0.7921,0.0,2026-10-06,ligue1
Lyon,0.0794,0.6114,0.0003,2026-10-06,ligue1
Monaco,0.0563,0.58,0.0,2026-10-06,ligue1
Paris FC,0.0286,0.4091,0.0003,2026-10-06,ligue1
Lens,0.0045,0.1887,0.0054,2026-10-06,ligue1
Marseille,0.0035,0.1231,0.0134,2026-10-06,ligue1
Rennes,0.0022,0.1014,0.0101,2026-10-06,ligue1
Toulouse,0.0015,0.0457,0.042,2026-10-06,ligue1
Strasbourg,0.0013,0.0529,0.0281,2026-10-06,ligue1
Le Mans,0.0009,0.0515,0.037,2026-10-06,ligue1
Troyes,0.0002,0.0157,0.1048,2026-10-06,ligue1
Brest,0.0001,0.0263,0.0758,2026-10-06,ligue1
Nice,0.0001,0.0198,0.0955,2026-10-06,ligue1
Auxerre,0.0,0.0013,0.3471,2026-10-06,ligue1
Angers,0.0,0.0007,0.3846,2026-10-06,ligue1
Lorient,0.0,0.0049,0.1869,2026-10-06,ligue1
Le Havre,0.0,0.0,0.6687,2026-10-06,ligue1
Arsenal,0.5569,0.9951,0.0,2026-10-07,pl
Man City,0.3957,0.984,0.0,2026-10-07,pl
Liverpool,0.0409,0.7825,0.0002,2026-10-07,pl
Hull City,0.0032,0.3398,0.0028,2026-10-07,pl
Brighton,0.0016,0.2587,0.0054,2026-10-07,pl
Leeds,0.0006,0.1295,0.0132,2026-10-07,pl
Chelsea,0.0004,0.1219,0.0154,2026-10-07,pl
Man United,0.0002,0.0797,0.0322,2026-10-07,pl
Everton,0.0002,0.0312,0.062,2026-10-07,pl
Newcastle,0.0001,0.1039,0.0196,2026-10-07,pl
Aston Villa,0.0001,0.0665,0.0473,2026-10-07,pl
Ipswich Town,0.0001,0.0082,0.2027,2026-10-07,pl
Brentford,0.0,0.0493,0.0484,2026-10-07,pl
Bournemouth,0.0,0.0199,0.0923,2026-10-07,pl
Coventry City,0.0,0.0001,0.7105,2026-10-07,pl
Crystal Palace,0.0,0.0018,0.4443,2026-10-07,pl
Fulham,0.0,0.0042,0.276,2026-10-07,pl
Nott'm Forest,0.0,0.0034,0.3039,2026-10-07,pl
Sunderland,0.0,0.0199,0.088,2026-10-07,pl
Tottenham,0.0,0.0004,0.6358,2026-10-07,pl
Barcelona,0.9428,0.9998,0.0,2026-10-07,laliga
Real Madrid,0.04,0.9583,0.0,2026-10-07,laliga
Ath Madrid,0.0088,0.742,0.0,2026-10-07,laliga
Betis,0.0082,0.7523,0.0,2026-10-07,laliga
Sevilla,0.0001,0.191,0.0011,2026-10-07,laliga
Alaves,0.0001,0.0799,0.0083,2026-10-07,laliga
Ath Bilbao,0.0,0.0786,0.0252,2026-10-07,laliga
Celta,0.0,0.0022,0.197,2026-10-07,laliga
Getafe,0.0,0.0031,0.2306,2026-10-07,laliga
La Coruna,0.0,0.0443,0.0198,2026-10-07,laliga
Elche,0.0,0.001,0.3796,2026-10-07,laliga
Espanyol,0.0,0.0043,0.1735,2026-10-07,laliga
Malaga,0.0,0.0,0.7515,2026-10-07,laliga
Levante,0.0,0.0019,0.3079,2026-10-07,laliga
Rayo Vallecano,0.0,0.028,0.0418,2026-10-07,laliga
Osasuna,0.0,0.0084,0.1351,2026-10-07,laliga
Real Sociedad,0.0,0.0415,0.0224,2026-10-07,laliga
Santander,0.0,0.0087,0.1393,2026-10-07,laliga
Valencia,0.0,0.0,0.5583,2026-10-07,laliga
Villarreal,0.0,0.0547,0.0086,2026-10-07,laliga
Bayern Munich,0.6394,0.9847,0.0,2026-10-07,bundesliga
Dortmund,0.3022,0.9525,0.0,2026-10-07,bundesliga
Leverkusen,0.0294,0.602,0.0006,2026-10-07,bundesliga
Elversberg,0.0139,0.4003,0.0011,2026-10-07,bundesliga
Freiburg,0.0074,0.3285,0.0006,2026-10-07,bundesliga
RB Leipzig,0.0027,0.2331,0.0041,2026-10-07,bundesliga
Mainz,0.0018,0.1182,0.0156,2026-10-07,bundesliga
Werder Bremen,0.0014,0.1067,0.0144,2026-10-07,bundesliga
Augsburg,0.0006,0.0725,0.0255,2026-10-07,bundesliga
Ein Frankfurt,0.0004,0.0505,0.0329,2026-10-07,bundesliga
Stuttgart,0.0004,0.0423,0.061,2026-10-07,bundesliga
Schalke 04,0.0004,0.0435,0.0348,2026-10-07,bundesliga
FC Koln,0.0,0.004,0.269,2026-10-07,bundesliga
Hamburg,0.0,0.0086,0.2388,2026-10-07,bundesliga
Hoffenheim,0.0,0.0376,0.0829,2026-10-07,bundesliga
M'gladbach,0.0,0.0002,0.6881,2026-10-07,bundesliga
Paderborn,0.0,0.0113,0.1227,2026-10-07,bundesliga
Union Berlin,0.0,0.0035,0.4079,2026-10-07,bundesliga
Inter,0.4487,0.931,0.0,2026-10-07,seriea
Roma,0.3252,0.8877,0.0,2026-10-07,seriea
Lazio,0.125,0.695,0.0,2026-10-07,seriea
Juventus,0.0319,0.4316,0.0,2026-10-07,seriea
Milan,0.0288,0.3704,0.0001,2026-10-07,seriea
Como,0.027,0.3167,0.0,2026-10-07,seriea
Napoli,0.006,0.1625,0.0001,2026-10-07,seriea
Frosinone,0.006,0.1293,0.0003,2026-10-07,seriea
Atalanta,0.0009,0.0382,0.0014,2026-10-07,seriea
Cagliari,0.0005,0.033,0.0002,2026-10-07,seriea
Bologna,0.0,0.0009,0.058,2026-10-07,seriea
Fiorentina,0.0,0.0001,0.1548,2026-10-07,seriea
Lecce,0.0,0.0004,0.1798,2026-10-07,seriea
Genoa,0.0,0.0,0.6008,2026-10-07,seriea
Monza,0.0,0.0,0.5898,2026-10-07,seriea
Parma,0.0,0.0003,0.2264,2026-10-07,seriea
Sassuolo,0.0,0.0006,0.0472,2026-10-07,seriea
Torino,0.0,0.0008,0.0799,2026-10-07,seriea
Udinese,0.0,0.0015,0.0905,2026-10-07,seriea
Venezia,0.0,0.0,0.9707,2026-10-07,seriea
Monaco,0.2558,0.7473,0.0,2026-10-07,ligue1
Paris SG,0.2399,0.7765,0.0001,2026-10-07,ligue1
Paris FC,0.1617,0.6428,0.0001,2026-10-07,ligue1
Lille,0.1546,0.6105,0.0,2026-10-07,ligue1
Lyon,0.1391,0.6014,0.0,2026-10-07,ligue1
Rennes,0.0375,0.3054,0.0015,2026-10-07,ligue1
Lens,0.0055,0.1152,0.0135,2026-10-07,ligue1
Strasbourg,0.0023,0.0536,0.0269,2026-10-07,ligue1
Le Mans,0.001,0.0205,0.0971,2026-10-07,ligue1
Brest,0.0009,0.0317,0.0649,2026-10-07,ligue1
Marseille,0.0008,0.0437,0.0462,2026-10-07,ligue1
Lorient,0.0003,0.0128,0.1092,2026-10-07,ligue1
Nice,0.0002,0.0166,0.1209,2026-10-07,ligue1
Angers,0.0002,0.0041,0.1784,2026-10-07,ligue1
Auxerre,0.0001,0.0057,0.2264,2026-10-07,ligue1
Toulouse,0.0001,0.0106,0.1104,2026-10-07,ligue1
Le Havre,0.0,0.0001,0.6286,2026-10-07,ligue1
Troyes,0.0,0.0015,0.3758,2026-10-07,ligue1
Barcelona,0.9428,0.9998,0.0,2026-10-07,laliga
Real Madrid,0.04,0.9583,0.0,2026-10-07,laliga
Ath Madrid,0.0088,0.742,0.0,2026-10-07,laliga
Betis,0.0082,0.7523,0.0,2026-10-07,laliga
Sevilla,0.0001,0.191,0.0011,2026-10-07,laliga
Alaves,0.0001,0.0799,0.0083,2026-10-07,laliga
Ath Bilbao,0.0,0.0786,0.0252,2026-10-07,laliga
Celta,0.0,0.0022,0.197,2026-10-07,laliga
Getafe,0.0,0.0031,0.2306,2026-10-07,laliga
La Coruna,0.0,0.0443,0.0198,2026-10-07,laliga
Elche,0.0,0.001,0.3796,2026-10-07,laliga
Espanyol,0.0,0.0043,0.1735,2026-10-07,laliga
Malaga,0.0,0.0,0.7515,2026-10-07,laliga
Levante,0.0,0.0019,0.3079,2026-10-07,laliga
Rayo Vallecano,0.0,0.028,0.0418,2026-10-07,laliga
Osasuna,0.0,0.0084,0.1351,2026-10-07,laliga
Real Sociedad,0.0,0.0415,0.0224,2026-10-07,laliga
Santander,0.0,0.0087,0.1393,2026-10-07,laliga
Valencia,0.0,0.0,0.5583,2026-10-07,laliga
Villarreal,0.0,0.0547,0.0086,2026-10-07,laliga
Bayern Munich,0.6394,0.9847,0.0,2026-10-07,bundesliga
Dortmund,0.3022,0.9525,0.0,2026-10-07,bundesliga
Leverkusen,0.0294,0.602,0.0006,2026-10-07,bundesliga
Elversberg,0.0139,0.4003,0.0011,2026-10-07,bundesliga
Freiburg,0.0074,0.3285,0.0006,2026-10-07,bundesliga
RB Leipzig,0.0027,0.2331,0.0041,2026-10-07,bundesliga
Mainz,0.0018,0.1182,0.0156,2026-10-07,bundesliga
Werder Bremen,0.0014,0.1067,0.0144,2026-10-07,bundesliga
Augsburg,0.0006,0.0725,0.0255,2026-10-07,bundesliga
Ein Frankfurt,0.0004,0.0505,0.0329,2026-10-07,bundesliga
Stuttgart,0.0004,0.0423,0.061,2026-10-07,bundesliga
Schalke 04,0.0004,0.0435,0.0348,2026-10-07,bundesliga
FC Koln,0.0,0.004,0.269,2026-10-07,bundesliga
Hamburg,0.0,0.0086,0.2388,2026-10-07,bundesliga
Hoffenheim,0.0,0.0376,0.0829,2026-10-07,bundesliga
M'gladbach,0.0,0.0002,0.6881,2026-10-07,bundesliga
Paderborn,0.0,0.0113,0.1227,2026-10-07,bundesliga
Union Berlin,0.0,0.0035,0.4079,2026-10-07,bundesliga
Inter,0.4487,0.931,0.0,2026-10-07,seriea
Roma,0.3252,0.8877,0.0,2026-10-07,seriea
Lazio,0.125,0.695,0.0,2026-10-07,seriea
Juventus,0.0319,0.4316,0.0,2026-10-07,seriea
Milan,0.0288,0.3704,0.0001,2026-10-07,seriea
Como,0.027,0.3167,0.0,2026-10-07,seriea
Napoli,0.006,0.1625,0.0001,2026-10-07,seriea
Frosinone,0.006,0.1293,0.0003,2026-10-07,seriea
Atalanta,0.0009,0.0382,0.0014,2026-10-07,seriea
Cagliari,0.0005,0.033,0.0002,2026-10-07,seriea
Bologna,0.0,0.0009,0.058,2026-10-07,seriea
Fiorentina,0.0,0.0001,0.1548,2026-10-07,seriea
Lecce,0.0,0.0004,0.1798,2026-10-07,seriea
Genoa,0.0,0.0,0.6008,2026-10-07,seriea
Monza,0.0,0.0,0.5898,2026-10-07,seriea
Parma,0.0,0.0003,0.2264,2026-10-07,seriea
Sassuolo,0.0,0.0006,0.0472,2026-10-07,seriea
Torino,0.0,0.0008,0.0799,2026-10-07,seriea
Udinese,0.0,0.0015,0.0905,2026-10-07,seriea
Venezia,0.0,0.0,0.9707,2026-10-07,seriea
Monaco,0.2558,0.7473,0.0,2026-10-07,ligue1
Paris SG,0.2399,0.7765,0.0001,2026-10-07,ligue1
Paris FC,0.1617,0.6428,0.0001,2026-10-07,ligue1
Lille,0.1546,0.6105,0.0,2026-10-07,ligue1
Lyon,0.1391,0.6014,0.0,2026-10-07,ligue1
Rennes,0.0375,0.3054,0.0015,2026-10-07,ligue1
Lens,0.0055,0.1152,0.0135,2026-10-07,ligue1
Strasbourg,0.0023,0.0536,0.0269,2026-10-07,ligue1
Le Mans,0.001,0.0205,0.0971,2026-10-07,ligue1
Brest,0.0009,0.0317,0.0649,2026-10-07,ligue1
Marseille,0.0008,0.0437,0.0462,2026-10-07,ligue1
Lorient,0.0003,0.0128,0.1092,2026-10-07,ligue1
Nice,0.0002,0.0166,0.1209,2026-10-07,ligue1
Angers,0.0002,0.0041,0.1784,2026-10-07,ligue1
Auxerre,0.0001,0.0057,0.2264,2026-10-07,ligue1
Toulouse,0.0001,0.0106,0.1104,2026-10-07,ligue1
Le Havre,0.0,0.0001,0.6286,2026-10-07,ligue1
Troyes,0.0,0.0015,0.3758,2026-10-07,ligue1
Arsenal,0.5569,0.9951,0.0,2026-10-07,pl
Man City,0.3957,0.984,0.0,2026-10-07,pl
Liverpool,0.0409,0.7825,0.0002,2026-10-07,pl
Hull City,0.0032,0.3398,0.0028,2026-10-07,pl
Brighton,0.0016,0.2587,0.0054,2026-10-07,pl
Leeds,0.0006,0.1295,0.0132,2026-10-07,pl
Chelsea,0.0004,0.1219,0.0154,2026-10-07,pl
Man United,0.0002,0.0797,0.0322,2026-10-07,pl
Everton,0.0002,0.0312,0.062,2026-10-07,pl
Newcastle,0.0001,0.1039,0.0196,2026-10-07,pl
Aston Villa,0.0001,0.0665,0.0473,2026-10-07,pl
Ipswich Town,0.0001,0.0082,0.2027,2026-10-07,pl
Brentford,0.0,0.0493,0.0484,2026-10-07,pl
Bournemouth,0.0,0.0199,0.0923,2026-10-07,pl
Coventry City,0.0,0.0001,0.7105,2026-10-07,pl
Crystal Palace,0.0,0.0018,0.4443,2026-10-07,pl
Fulham,0.0,0.0042,0.276,2026-10-07,pl
Nott'm Forest,0.0,0.0034,0.3039,2026-10-07,pl
Sunderland,0.0,0.0199,0.088,2026-10-07,pl
Tottenham,0.0,0.0004,0.6358,2026-10-07,pl
Barcelona,0.9428,0.9998,0.0,2026-10-07,laliga
Real Madrid,0.04,0.9583,0.0,2026-10-07,laliga
Ath Madrid,0.0088,0.742,0.0,2026-10-07,laliga
Betis,0.0082,0.7523,0.0,2026-10-07,laliga
Sevilla,0.0001,0.191,0.0011,2026-10-07,laliga
Alaves,0.0001,0.0799,0.0083,2026-10-07,laliga
Ath Bilbao,0.0,0.0786,0.0252,2026-10-07,laliga
Celta,0.0,0.0022,0.197,2026-10-07,laliga
Getafe,0.0,0.0031,0.2306,2026-10-07,laliga
La Coruna,0.0,0.0443,0.0198,2026-10-07,laliga
Elche,0.0,0.001,0.3796,2026-10-07,laliga
Espanyol,0.0,0.0043,0.1735,2026-10-07,laliga
Malaga,0.0,0.0,0.7515,2026-10-07,laliga
Levante,0.0,0.0019,0.3079,2026-10-07,laliga
Rayo Vallecano,0.0,0.028,0.0418,2026-10-07,laliga
Osasuna,0.0,0.0084,0.1351,2026-10-07,laliga
Real Sociedad,0.0,0.0415,0.0224,2026-10-07,laliga
Santander,0.0,0.0087,0.1393,2026-10-07,laliga
Valencia,0.0,0.0,0.5583,2026-10-07,laliga
Villarreal,0.0,0.0547,0.0086,2026-10-07,laliga
Bayern Munich,0.6394,0.9847,0.0,2026-10-07,bundesliga
Dortmund,0.3022,0.9525,0.0,2026-10-07,bundesliga
Leverkusen,0.0294,0.602,0.0006,2026-10-07,bundesliga
Elversberg,0.0139,0.4003,0.0011,2026-10-07,bundesliga
Freiburg,0.0074,0.3285,0.0006,2026-10-07,bundesliga
RB Leipzig,0.0027,0.2331,0.0041,2026-10-07,bundesliga
Mainz,0.0018,0.1182,0.0156,2026-10-07,bundesliga
Werder Bremen,0.0014,0.1067,0.0144,2026-10-07,bundesliga
Augsburg,0.0006,0.0725,0.0255,2026-10-07,bundesliga
Ein Frankfurt,0.0004,0.0505,0.0329,2026-10-07,bundesliga
Stuttgart,0.0004,0.0423,0.061,2026-10-07,bundesliga
Schalke 04,0.0004,0.0435,0.0348,2026-10-07,bundesliga
FC Koln,0.0,0.004,0.269,2026-10-07,bundesliga
Hamburg,0.0,0.0086,0.2388,2026-10-07,bundesliga
Hoffenheim,0.0,0.0376,0.0829,2026-10-07,bundesliga
M'gladbach,0.0,0.0002,0.6881,2026-10-07,bundesliga
Paderborn,0.0,0.0113,0.1227,2026-10-07,bundesliga
Union Berlin,0.0,0.0035,0.4079,2026-10-07,bundesliga
Inter,0.4487,0.931,0.0,2026-10-07,seriea
Roma,0.3252,0.8877,0.0,2026-10-07,seriea
Lazio,0.125,0.695,0.0,2026-10-07,seriea
Juventus,0.0319,0.4316,0.0,2026-10-07,seriea
Milan,0.0288,0.3704,0.0001,2026-10-07,seriea
Como,0.027,0.3167,0.0,2026-10-07,seriea
Napoli,0.006,0.1625,0.0001,2026-10-07,seriea
Frosinone,0.006,0.1293,0.0003,2026-10-07,seriea
Atalanta,0.0009,0.0382,0.0014,2026-10-07,seriea
Cagliari,0.0005,0.033,0.0002,2026-10-07,seriea
Bologna,0.0,0.0009,0.058,2026-10-07,seriea
Fiorentina,0.0,0.0001,0.1548,2026-10-07,seriea
Lecce,0.0,0.0004,0.1798,2026-10-07,seriea
Genoa,0.0,0.0,0.6008,2026-10-07,seriea
Monza,0.0,0.0,0.5898,2026-10-07,seriea
Parma,0.0,0.0003,0.2264,2026-10-07,seriea
Sassuolo,0.0,0.0006,0.0472,2026-10-07,seriea
Torino,0.0,0.0008,0.0799,2026-10-07,seriea
Udinese,0.0,0.0015,0.0905,2026-10-07,seriea
Venezia,0.0,0.0,0.9707,2026-10-07,seriea
Monaco,0.2558,0.7473,0.0,2026-10-07,ligue1
Paris SG,0.2399,0.7765,0.0001,2026-10-07,ligue1
Paris FC,0.1617,0.6428,0.0001,2026-10-07,ligue1
Lille,0.1546,0.6105,0.0,2026-10-07,ligue1
Lyon,0.1391,0.6014,0.0,2026-10-07,ligue1
Rennes,0.0375,0.3054,0.0015,2026-10-07,ligue1
Lens,0.0055,0.1152,0.0135,2026-10-07,ligue1
Strasbourg,0.0023,0.0536,0.0269,2026-10-07,ligue1
Le Mans,0.001,0.0205,0.0971,2026-10-07,ligue1
Brest,0.0009,0.0317,0.0649,2026-10-07,ligue1
Marseille,0.0008,0.0437,0.0462,2026-10-07,ligue1
Lorient,0.0003,0.0128,0.1092,2026-10-07,ligue1
Nice,0.0002,0.0166,0.1209,2026-10-07,ligue1
Angers,0.0002,0.0041,0.1784,2026-10-07,ligue1
Auxerre,0.0001,0.0057,0.2264,2026-10-07,ligue1
Toulouse,0.0001,0.0106,0.1104,2026-10-07,ligue1
Le Havre,0.0,0.0001,0.6286,2026-10-07,ligue1
Troyes,0.0,0.0015,0.3758,2026-10-07,ligue1
