team,p_title,p_top4,p_relegation,sims,sim_date
Paris SG,0.6583,0.9754,0.0,10000,2026-10-06
Lille,0.1631,0.7921,0.0,10000,2026-10-06
Lyon,0.0794,0.6114,0.0003,10000,2026-10-06
Monaco,0.0563,0.58,0.0,10000,2026-10-06
Paris FC,0.0286,0.4091,0.0003,10000,2026-10-06
Lens,0.0045,0.1887,0.0054,10000,2026-10-06
Marseille,0.0035,0.1231,0.0134,10000,2026-10-06
Rennes,0.0022,0.1014,0.0101,10000,2026-10-06
Toulouse,0.0015,0.0457,0.042,10000,2026-10-06
Strasbourg,0.0013,0.0529,0.0281,10000,2026-10-06
Le Mans,0.0009,0.0515,0.037,10000,2026-10-06
Troyes,0.0002,0.0157,0.1048,10000,2026-10-06
Brest,0.0001,0.0263,0.0758,10000,2026-10-06
Nice,0.0001,0.0198,0.0955,10000,2026-10-06
Auxerre,0.0,0.0013,0.3471,10000,2026-10-06
Angers,0.0,0.0007,0.3846,10000,2026-10-06
Lorient,0.0,0.0049,0.1869,10000,2026-10-06
Le Havre,0.0,0.0,0.6687,10000,2026-10-06
