fixture_date,home,away,p_home_poisson,p_draw_poisson,p_away_poisson,p_home_ml,p_draw_ml,p_away_ml,p_home_ens,p_draw_ens,p_away_ens,model_version
2026-10-09,Lens,Lyon,0.5148622787830214,0.24123830052201034,0.24389942069496817,0.8348132967948914,0.08524355292320251,0.07994318008422852,0.7068329015110724,0.14764145494295788,0.14552567856369858,v2026-10-07
2026-10-10,Lille,Le Havre,0.6813299328450166,0.20903737200939873,0.10963269514558473,0.7765575647354126,0.16079045832157135,0.06265193223953247,0.7384665179397187,0.1800892312472829,0.08144423740195338,v2026-10-07
2026-10-10,Monaco,Toulouse,0.6240168600340803,0.2041242128322233,0.17185892713369638,0.5816699266433716,0.2913496792316437,0.12698043882846832,0.5986087178810485,0.25645949863234,0.14493183713079177,v2026-10-07
2026-10-10,Brest,Angers,0.5866629374198754,0.24139984295811706,0.17193721962200753,0.5897037386894226,0.3139840066432953,0.09631224721670151,0.5884874360629971,0.2849503560703852,0.12656223915905618,v2026-10-07
2026-10-10,Lorient,Paris FC,0.40991334495743775,0.25983698051759996,0.3302496745249623,0.11750113219022751,0.16223202645778656,0.7202668190002441,0.2344660172971116,0.2012740125520603,0.5642599790915248,v2026-10-07
2026-10-10,Paris SG,Le Mans,0.8182436671192798,0.10871138367827211,0.07304494920244813,0.5088953971862793,0.282206654548645,0.20889794826507568,0.6326347170804085,0.2128085491807281,0.15455675758072138,v2026-10-07
2026-10-11,Nice,Strasbourg,0.44978718064893564,0.25051043138810475,0.2997023879629597,0.5313889384269714,0.2738429009914398,0.19476814568042755,0.49874825319715055,0.26450991911057026,0.23674184408355653,v2026-10-07
2026-10-11,Rennes,Auxerre,0.5969511359973375,0.2148856415568082,0.18816322244585432,0.36515799164772034,0.4633464813232422,0.17149554193019867,0.45787525236779947,0.36396215137713306,0.1781626200969254,v2026-10-07
2026-10-11,Troyes,Marseille,0.1406835104748913,0.1814933969291039,0.6778230925960048,0.43626657128334045,0.3228331208229065,0.24090032279491425,0.3180333708018187,0.2662972402060822,0.4156694426362794,v2026-10-07
2026-10-16,Le Mans,Toulouse,0.532073063797534,0.21555162899265431,0.2523753072098115,0.18284021317958832,0.5504169464111328,0.2667428255081177,0.32253335491688273,0.4164708254042059,0.2609958211690274,v2026-10-07
2026-10-17,Strasbourg,Paris SG,0.27871639274406235,0.22791441119909436,0.4933691960568432,0.11773249506950378,0.18272289633750916,0.6995446085929871,0.18212605562944334,0.20079950824260773,0.6170744674203874,v2026-10-07
2026-10-17,Lille,Brest,0.6222444437002982,0.2182827904052105,0.15947276589449144,0.4606442451477051,0.34958168864250183,0.1897740364074707,0.5252843364896713,0.2970621442487465,0.1776535356528596,v2026-10-07
2026-10-17,Troyes,Lens,0.14239977190292996,0.20516503278836623,0.6524351953087038,0.5183681845664978,0.3061690628528595,0.1754627376794815,0.36798081950107064,0.26576745380729444,0.366251728181751,v2026-10-07
2026-10-18,Angers,Marseille,0.2679331780532399,0.26277797639936007,0.46928884554740014,0.11093313992023468,0.19020389020442963,0.6988629698753357,0.17373315964378513,0.21923352915275018,0.6070333499464838,v2026-10-07
2026-10-18,Le Havre,Auxerre,0.406144747200814,0.2846869869550168,0.30916826584416934,0.6420637965202332,0.3160680830478668,0.04186812415719032,0.5476961887133944,0.303515659511888,0.14878818120451098,v2026-10-07
2026-10-18,Lorient,Monaco,0.34878433849685125,0.23873877594857526,0.41247688555457346,0.848915159702301,0.06225812807679176,0.0888267233967781,0.6488628431410501,0.13285038946067934,0.2182867912401285,v2026-10-07
2026-10-18,Paris FC,Rennes,0.5017002681269629,0.23733978166109962,0.2609599502119373,0.25811856985092163,0.06376677751541138,0.678114652633667,0.35555125810203486,0.13319598140886085,0.511252795506833,v2026-10-07
2026-10-18,Lyon,Nice,0.5972683750187829,0.2203541141595422,0.18237751082167494,0.8618810176849365,0.0795823484659195,0.05853661522269249,0.756035996381262,0.13589105697854276,0.10807297420734353,v2026-10-07
2026-10-23,Brest,Nice,0.48835248679371274,0.24787677326769572,0.2637707399385915,0.43884167075157166,0.3470967710018158,0.21406151354312897,0.4586460031288926,0.307408786809329,0.23394520410131397,v2026-10-07
2026-10-24,Toulouse,Troyes,0.7746538011437244,0.14851582645923633,0.07683037239703924,0.567247211933136,0.27084675431251526,0.16190600395202637,0.6502098535778358,0.22191438615143594,0.12787575431026377,v2026-10-07
2026-10-24,Lens,Paris FC,0.556150004549202,0.2415726869992102,0.20227730845158778,0.7715631127357483,0.1102399080991745,0.1181969866156578,0.6853978933029877,0.16277301965918878,0.15182911833026203,v2026-10-07
2026-10-25,Monaco,Lille,0.48266442084366756,0.24950678186147152,0.267828797294861,0.2727617919445038,0.1417241096496582,0.5855140686035156,0.356722852444866,0.18483718002449967,0.45843998392191165,v2026-10-07
2026-10-25,Auxerre,Le Mans,0.46241635867154013,0.22840821998199387,0.30917542134646603,0.3937215507030487,0.4164344370365143,0.189844012260437,0.4211994798509098,0.3412239621356351,0.2375765818553131,v2026-10-07
2026-10-25,Angers,Lorient,0.389635557174657,0.2878179416576823,0.3225465011676606,0.2206643670797348,0.5033425092697144,0.27599313855171204,0.2882528431177037,0.41713270606675945,0.29461448955855596,v2026-10-07
2026-10-25,Marseille,Le Havre,0.7162452505548347,0.17331066440473475,0.11044408504043049,0.7683971524238586,0.17059488594532013,0.06100795045495033,0.7475364214785715,0.1716811988192021,0.08078240726937463,v2026-10-07
2026-10-25,Rennes,Strasbourg,0.5196916403069459,0.22066014015883978,0.2596482195342144,0.5622857809066772,0.2731517255306244,0.16456250846385956,0.5452481246667847,0.2521551033028395,0.20259679587223373,v2026-10-07
2026-10-25,Paris SG,Lyon,0.7007718420847086,0.17121077357255268,0.1280173843427387,0.8324750661849976,0.06503108143806458,0.10249390453100204,0.7797937825053465,0.10750295903691788,0.11270329720075478,v2026-10-07
2026-10-30,Le Havre,Paris SG,0.15765429842053016,0.2123317281155781,0.6300139734638918,0.07302578538656235,0.11213281750679016,0.8148413896560669,0.10687719060014948,0.15221238771076984,0.7409104529815193,v2026-10-07
2026-10-30,Lille,Lens,0.48722684118369997,0.2689337815439523,0.24383937727234767,0.8440487384796143,0.08225999772548676,0.0736912339925766,0.7013199914821775,0.15692951497816326,0.14175049130448503,v2026-10-07
2026-10-31,Nice,Rennes,0.45443043270996186,0.24572820659873224,0.2998413606913059,0.5322544574737549,0.15271972119808197,0.31502586603164673,0.5011248594891666,0.18992311982869042,0.3089520668757426,v2026-10-07
2026-10-31,Lorient,Brest,0.4730479151789019,0.24049962370673328,0.2864524611143649,0.11813754588365555,0.20290671288967133,0.6789557337760925,0.2601016950918702,0.21794387870661225,0.5219544425927949,v2026-10-07
2026-10-31,Lyon,Angers,0.683943787352174,0.20167621582829154,0.11437999681953445,0.8446722030639648,0.09575407207012177,0.059573691338300705,0.7803808487001775,0.13812293031844775,0.08149621502091033,v2026-10-07
2026-10-31,Troyes,Le Mans,0.20581979371173365,0.19822992259482283,0.5959502836934435,0.3646846115589142,0.5101940035820007,0.1251213699579239,0.3011386993212032,0.38540837118712956,0.313452938432364,v2026-10-07
2026-11-01,Strasbourg,Auxerre,0.5924037217796659,0.21953016477144632,0.1880661134488877,0.6660969257354736,0.28908106684684753,0.044822029769420624,0.636619662034544,0.261260717937616,0.10211966435879455,v2026-10-07
2026-11-01,Paris FC,Monaco,0.4298036860760606,0.24675123348909514,0.3234450804348441,0.8674268126487732,0.05318242684006691,0.07939073443412781,0.692377609703404,0.1306099517348524,0.1770124735794724,v2026-10-07
2026-11-01,Marseille,Toulouse,0.6189004330757045,0.2044267313189179,0.17667283560537764,0.6652418375015259,0.2251611053943634,0.10959707200527191,0.6467052995730552,0.21686736172464968,0.1364273774453142,v2026-10-07
2026-11-06,Toulouse,Strasbourg,0.45567249302157314,0.24811353974639325,0.29621396723203347,0.4838402271270752,0.2250017523765564,0.291157990694046,0.4725731513662678,0.23424647924542008,0.29318039323017,v2026-10-07
2026-11-07,Auxerre,Paris FC,0.3996308396485676,0.27305255360545,0.3273166067459824,0.3451029658317566,0.24599632620811462,0.4089007079601288,0.36691411833871324,0.2568188261077455,0.37626707939539916,v2026-10-07
2026-11-07,Paris SG,Troyes,0.9484313396788042,0.03904656027508545,0.012522100046110323,0.5149374604225159,0.2679760456085205,0.21708650887012482,0.6883350300064246,0.17640425445537872,0.13526075428121573,v2026-10-07
2026-11-08,Rennes,Lille,0.41253115522344425,0.2590057084709158,0.3284631363056399,0.5556300282478333,0.1445161998271942,0.29985374212265015,0.49839047903807765,0.1903120062649151,0.31129750873654277,v2026-10-07
2026-11-08,Angers,Nice,0.34721353763978674,0.3031839944157977,0.3496024679444155,0.13724558055400848,0.28938165307044983,0.5733727812767029,0.2212327633883198,0.2949025985492857,0.4838646619042524,v2026-10-07
2026-11-08,Brest,Lyon,0.39628377475588733,0.24498199293835368,0.358734232305759,0.47409823536872864,0.1864929497241974,0.339408814907074,0.44297247496545,0.2098885744604405,0.3471389967677092,v2026-10-07
2026-11-08,Le Havre,Lorient,0.4133467414912615,0.2708681019901719,0.3157851565185666,0.7030930519104004,0.21822227537631989,0.07868465781211853,0.5871945337032093,0.23928061496255743,0.17352486027493,v2026-10-07
2026-11-08,Le Mans,Monaco,0.4170757650630403,0.2134020152038777,0.3695222197330819,0.42680373787879944,0.20152561366558075,0.3716706931591034,0.42291257259435366,0.20627618173148013,0.37081130676892704,v2026-10-07
2026-11-08,Lens,Marseille,0.5160466842970023,0.2316419121758895,0.25231140352710824,0.514120876789093,0.23602235317230225,0.24985674023628235,0.5148912176736502,0.2342701886946661,0.25083861747354164,v2026-10-07
2026-11-20,Troyes,Le Havre,0.3053458036898773,0.27689069842322794,0.41776349788689493,0.3073219954967499,0.577365517616272,0.11531243473291397,0.30653151877400087,0.45717561378091226,0.23629286148462247,v2026-10-07
2026-11-21,Nice,Paris SG,0.23608206813627772,0.23549724046984155,0.5284206913938807,0.24388715624809265,0.2443450540304184,0.5117678046226501,0.24076512100336667,0.2408059375468844,0.5184289652916069,v2026-10-07
2026-11-21,Strasbourg,Brest,0.5741394462528469,0.2141924005995311,0.21166815314762202,0.229298934340477,0.43214115500450134,0.3385598659515381,0.3672351450658894,0.3449616651634422,0.2878031838102039,v2026-10-07
2026-11-21,Monaco,Auxerre,0.6671486089354949,0.1900867834672638,0.14276460759724136,0.7264398336410522,0.23379802703857422,0.039762191474437714,0.7027233556797583,0.21631352961005007,0.08096315904114626,v2026-10-07
2026-11-21,Lille,Lyon,0.5164603533062923,0.2507658984337776,0.23277374825993016,0.19204843044281006,0.15668708086013794,0.651264488697052,0.3218132040585513,0.1943186123599422,0.48386822232452564,v2026-10-07
2026-11-21,Lens,Toulouse,0.5960025305422438,0.22841965653113408,0.17557781292662208,0.7346138954162598,0.18293361365795135,0.08245254307985306,0.6791693733085113,0.2011280352775728,0.11970265250867679,v2026-10-07
2026-11-22,Paris FC,Angers,0.6153550181192949,0.24076468321688843,0.14388029866381655,0.2828357219696045,0.29607781767845154,0.42108649015426636,0.41584344937017736,0.2739525698542908,0.3102040195185509,v2026-10-07
2026-11-22,Lorient,Rennes,0.42018513092404686,0.23888428445657395,0.34093058461937925,0.8819490671157837,0.03856838494539261,0.0794825404882431,0.6972434926390889,0.11869474586745224,0.1840617611209298,v2026-10-07
2026-11-22,Marseille,Le Mans,0.6598990713743967,0.16872521350156033,0.17137571512404295,0.39502257108688354,0.4165472388267517,0.18843024969100952,0.5009731771623533,0.3174184406176041,0.1816084433148035,v2026-10-07
2026-11-27,Brest,Paris FC,0.44426243904398816,0.25358148920192664,0.30215607175408515,0.09075648337602615,0.12100102752447128,0.7882424592971802,0.23215886638826902,0.17403321368556957,0.5938079102404067,v2026-10-07
2026-11-28,Le Havre,Strasbourg,0.3344989873341099,0.2647344065142553,0.4007666061516349,0.3343107998371124,0.4090742766857147,0.25661492347717285,0.33438607781614366,0.35133834351829213,0.31427560250742215,v2026-10-07
2026-11-28,Angers,Lens,0.256845192060991,0.29048370897864517,0.4526710989603639,0.09486840665340424,0.13641357421875,0.7687180042266846,0.15965912305161312,0.1980416281227081,0.6422992540410852,v2026-10-07
2026-11-28,Le Mans,Lille,0.3875116389952932,0.24097020985581868,0.3715181511488882,0.4672667980194092,0.19620095193386078,0.33653223514556885,0.4353647582516207,0.21410865808287619,0.3505266075073611,v2026-10-07
2026-11-28,Paris SG,Lorient,0.8174893178156212,0.11786436296929591,0.06464631921508295,0.4012382924556732,0.39166340231895447,0.20709829032421112,0.5677387085601169,0.2821437925395555,0.15011750784102434,v2026-10-07
2026-11-28,Nice,Troyes,0.7685461855111944,0.15244921989293012,0.0790045945958755,0.2845863997936249,0.4767628610134125,0.23865081369876862,0.4781703140806527,0.34703742840707746,0.17479232605761136,v2026-10-07
2026-11-29,Auxerre,Marseille,0.3506223866684005,0.24822137084290125,0.4011562424886982,0.41922909021377563,0.2358805537223816,0.34489038586616516,0.391786426677019,0.24081688653105393,0.36739674043610737,v2026-10-07
2026-11-29,Toulouse,Rennes,0.46037420254744343,0.24336929471821048,0.296256502734346,0.8814978003501892,0.04289436712861061,0.07560788840055466,0.7130483969918777,0.12308433853697959,0.16386733487912925,v2026-10-07
2026-11-29,Lyon,Monaco,0.49893787189797145,0.22686482277190886,0.2741973053301197,0.6023631691932678,0.10407019406557083,0.29356661438941956,0.5609930681565427,0.15318804927339635,0.2858189026866286,v2026-10-07
2026-12-05,Lens,Le Havre,0.6874981016812348,0.19926090147194755,0.11324099684681754,0.7007654309272766,0.2281954139471054,0.0710391104221344,0.6954585111497888,0.21662160895704227,0.08791986648212377,v2026-10-07
2026-12-05,Monaco,Angers,0.7128606291542384,0.18287663946964264,0.1042627313761188,0.6220113635063171,0.28191429376602173,0.09607437252998352,0.6583510757259501,0.24229923502770234,0.09934971681349569,v2026-10-07
2026-12-05,Lille,Auxerre,0.6331473265630011,0.22456930545491752,0.14228336798208147,0.4132005274295807,0.4781590402126312,0.10864043235778809,0.5011792500631811,0.37672314630954573,0.12209761256796992,v2026-10-07
2026-12-05,Marseille,Nice,0.6211410779049653,0.20484307449793665,0.17401584759709796,0.4122295379638672,0.38177385926246643,0.2059965878725052,0.4957941599007709,0.3110015602578157,0.19320429623269064,v2026-10-07
2026-12-05,Paris FC,Le Mans,0.5602968365838905,0.20991423707898355,0.22978892633712603,0.5217742323875427,0.3162766993045807,0.16194909811019897,0.5371832800265464,0.27373172931550305,0.1890850368515504,v2026-10-07
2026-12-05,Strasbourg,Lorient,0.6046176615051375,0.2075672956492375,0.1878150428456249,0.31147581338882446,0.5271564722061157,0.16136768460273743,0.42873255561558193,0.3993208135042934,0.17194663237024077,v2026-10-07
2026-12-05,Rennes,Brest,0.5780709236128874,0.21000286819368508,0.21192620819342767,0.4380398094654083,0.36416345834732056,0.1977967619895935,0.49405227896625786,0.30249922824633085,0.20344854643159166,v2026-10-07
2026-12-05,Toulouse,Paris SG,0.23961537421452944,0.2346570204993241,0.5257276052861466,0.18109305202960968,0.14758777618408203,0.6713191866874695,0.20450198239369372,0.1824154768904111,0.6130825720083337,v2026-10-07
2026-12-05,Troyes,Lyon,0.14945483558758169,0.1972907427422263,0.653254421670192,0.5194271802902222,0.26388850808143616,0.21668432652950287,0.37143826029055943,0.23724940492598445,0.39131237352647524,v2026-10-07
