fixture_date,home,away,p_home_poisson,p_draw_poisson,p_away_poisson,p_home_ml,p_draw_ml,p_away_ml,p_home_ens,p_draw_ens,p_away_ens,model_version,result,logloss_poisson,logloss_ml,logloss_ens,calibration_band
2026-10-10,Arsenal,Leeds,0.8295109423853646,0.1165098792467889,0.0539791783678464,0.6677001714706421,0.2713311910629272,0.060968667268753,0.7486055569280033,0.193920535154858,0.0574739228182997,v2026-10-06,,,,,unknown
2026-10-10,Aston Villa,Brentford,0.5581422554498103,0.2267955729025837,0.215062171647606,0.3417428135871887,0.3300741314888,0.3281830847263336,0.4499425345184995,0.2784348521956918,0.2716226281869698,v2026-10-06,,,,,unknown
2026-10-10,Chelsea,Bournemouth,0.4427297534135395,0.2435684938278419,0.3137017527586186,0.4305645823478699,0.2683752775192261,0.3010601103305816,0.4366471678807047,0.255971885673534,0.3073809315446001,v2026-10-06,,,,,unknown
2026-10-10,Ipswich Town,Fulham,0.3703934301823672,0.2641800584188237,0.365426511398809,0.3290298879146576,0.3502545654773712,0.3207155764102936,0.3497116590485124,0.3072173119480974,0.3430710439045513,v2026-10-06,,,,,unknown
2026-10-10,Sunderland,Brighton,0.2471360733613034,0.2590815997340219,0.4937823269046746,0.1121048182249069,0.2677021026611328,0.6201931238174438,0.1796204457931051,0.2633918511975773,0.5569877253610592,v2026-10-06,,,,,unknown
2026-10-10,Man United,Tottenham,0.3906837693882641,0.2554839109046952,0.3538323197070406,0.3179718852043152,0.2413195371627807,0.4407085478305816,0.3543278272962896,0.2484017240337379,0.3972704337688111,v2026-10-06,,,,,unknown
2026-10-11,Hull City,Everton,0.4395812473671447,0.2870278329901843,0.273390919642671,0.2446382492780685,0.505658745765686,0.2497029900550842,0.3421097483226066,0.3963432893779351,0.2615469548488776,v2026-10-06,,,,,unknown
2026-10-11,Liverpool,Man City,0.5741931521285496,0.2377267110913275,0.1880801367801228,0.5202701091766357,0.2012242674827575,0.2785055935382843,0.5472316306525926,0.2194754892870425,0.2332928651592035,v2026-10-06,,,,,unknown
2026-10-11,Crystal Palace,Nott'm Forest,0.2578990904172233,0.2446088648644647,0.497492044718312,0.144595056772232,0.1732410937547683,0.6821638345718384,0.2012470735947276,0.2089249793096165,0.5898279396450752,v2026-10-06,,,,,unknown
2026-10-12,Coventry City,Newcastle,0.2996025284418145,0.2956212861044739,0.4047761854537116,0.4760662913322449,0.2448382526636123,0.2790955007076263,0.3878344098870297,0.2702297693840431,0.3419358430806689,v2026-10-06,,,,,unknown
2026-10-17,Everton,Chelsea,0.4321487625433046,0.3162671200675395,0.2515841173891559,0.3702645301818847,0.3217301368713379,0.3080053627490997,0.4012066463625947,0.3189986284694387,0.2797947400691278,v2026-10-06,,,,,unknown
2026-10-17,Brentford,Liverpool,0.3922734130005849,0.2746681185137483,0.3330584684856669,0.2631148993968963,0.3752972781658172,0.3615878522396087,0.3276941561987406,0.3249826983397827,0.3473231603626378,v2026-10-06,,,,,unknown
2026-10-17,Fulham,Hull City,0.359924807963406,0.2623060117997531,0.3777691802368408,0.5988354682922363,0.1913368552923202,0.209827721118927,0.4793801381278212,0.2268214335460366,0.2937984506778839,v2026-10-06,,,,,unknown
2026-10-17,Man City,Ipswich Town,0.878131700540715,0.0868932695456233,0.0349750299136616,0.8080911636352539,0.145102396607399,0.0468063652515411,0.8431114320879844,0.1159978330765111,0.0408906975826014,v2026-10-06,,,,,unknown
2026-10-17,Newcastle,Aston Villa,0.5941018638270309,0.2323294845045203,0.1735686516684488,0.4555639624595642,0.3681586384773254,0.1762773990631103,0.5248329131432976,0.3002440614909228,0.1749230253657795,v2026-10-06,,,,,unknown
2026-10-18,Bournemouth,Sunderland,0.3172165341086133,0.2827748526703575,0.4000086132210291,0.0560650750994682,0.6605614423751831,0.2833734452724457,0.1866408046040407,0.4716681475227703,0.3416910292467374,v2026-10-06,,,,,unknown
2026-10-18,Brighton,Crystal Palace,0.4535435340228697,0.2813422392963987,0.2651142266807317,0.1964765191078186,0.290368378162384,0.5131551027297974,0.3250100265653441,0.2858553087293913,0.3891346647052645,v2026-10-06,,,,,unknown
2026-10-18,Leeds,Man United,0.656402216770093,0.2141831336540565,0.1294146495758503,0.5987567901611328,0.3414685428142547,0.05977463722229,0.6275795034656129,0.2778258382341556,0.0945946433990702,v2026-10-06,,,,,unknown
2026-10-18,Nott'm Forest,Arsenal,0.2862261081578524,0.2873878967760903,0.4263859950660574,0.1033633947372436,0.2103130370378494,0.6863235235214233,0.194794751447548,0.2488504669069698,0.5563547592937403,v2026-10-06,,,,,unknown
2026-10-19,Tottenham,Coventry City,0.4029485963380271,0.2839059519752296,0.3131454516867432,0.3173564076423645,0.3318248689174652,0.3508187532424927,0.3601525019901958,0.3078654104463474,0.3319821024646179,v2026-10-06,,,,,unknown
2026-10-23,Ipswich Town,Nott'm Forest,0.097383441541171,0.1545577033420675,0.7480588551167614,0.062629722058773,0.2111600041389465,0.7262102365493774,0.080006581799972,0.182858853740507,0.7371345458330694,v2026-10-06,,,,,unknown
2026-10-24,Aston Villa,Man City,0.5892743594118519,0.2287498434106535,0.1819757971774946,0.5632205605506897,0.1800553798675537,0.2567240595817566,0.5762474599812708,0.2044026116391036,0.2193499283796256,v2026-10-06,,,,,unknown
2026-10-24,Arsenal,Everton,0.7618914809039302,0.1559308617970176,0.0821776572990521,0.71958988904953,0.2328330874443054,0.0475770123302936,0.7407406849767302,0.1943819746206615,0.0648773348146729,v2026-10-06,,,,,unknown
2026-10-24,Coventry City,Fulham,0.3235667922001229,0.2919051630353357,0.3845280447645413,0.3379806876182556,0.3997163474559784,0.2623029947280884,0.3307737399091892,0.3458107552456571,0.3234155197463148,v2026-10-06,,,,,unknown
2026-10-24,Chelsea,Tottenham,0.7449764008896924,0.1634694246982043,0.0915541744121031,0.8098381161689758,0.0722605809569358,0.1179012507200241,0.7774072585293341,0.1178650028275701,0.1047277125660636,v2026-10-06,,,,,unknown
2026-10-25,Crystal Palace,Newcastle,0.3208395999567436,0.2934153257797328,0.3857450742635235,0.2836464345455169,0.1440022885799408,0.5723512768745422,0.3022430172511303,0.2187088071798368,0.4790481755690329,v2026-10-06,,,,,unknown
2026-10-25,Hull City,Brentford,0.4998373823880604,0.2791432479134845,0.221019369698455,0.2712518572807312,0.5283135771751404,0.200434610247612,0.3855446198343958,0.4037284125443124,0.2107269899730335,v2026-10-06,,,,,unknown
2026-10-25,Liverpool,Brighton,0.6833033593557427,0.1956992222372699,0.1209974184069873,0.607571005821228,0.2526581585407257,0.1397708654403686,0.6454371825884854,0.2241786903889978,0.1303841419236779,v2026-10-06,,,,,unknown
2026-10-25,Man United,Bournemouth,0.3637620737429065,0.2502857802935111,0.3859521459635823,0.1967515647411346,0.3300186395645141,0.4732297658920288,0.2802568192420206,0.2901522099290126,0.4295909559278056,v2026-10-06,,,,,unknown
2026-10-25,Sunderland,Leeds,0.5606428725045565,0.2495698109340148,0.1897873165614287,0.5712366700172424,0.2636376023292541,0.1651257574558258,0.5659397712608994,0.2566037066316345,0.1774565370086273,v2026-10-06,,,,,unknown
2026-10-31,Chelsea,Man United,0.3077169986326789,0.2553423225399269,0.4369406788273942,0.2400577068328857,0.3403843343257904,0.4195580184459686,0.2738873527327823,0.2978633284328587,0.4282493486366814,v2026-10-06,,,,,unknown
2026-10-31,Bournemouth,Leeds,0.4947773333869458,0.2601685068663003,0.2450541597467538,0.141274482011795,0.6952488422393799,0.1634767353534698,0.3180259076993704,0.4777086745528401,0.2042654475501118,v2026-10-06,,,,,unknown
2026-10-31,Brentford,Nott'm Forest,0.4704847343627193,0.2680076127052574,0.2615076529320231,0.3514441549777984,0.3629155158996582,0.2856403589248657,0.4109644446702589,0.3154615643024578,0.2735740059284444,v2026-10-06,,,,,unknown
2026-10-31,Coventry City,Sunderland,0.3174015154485231,0.297475015972706,0.3851234685787709,0.2792531549930572,0.4557445347309112,0.2650022804737091,0.2983273352207901,0.3766097753518086,0.32506287452624,v2026-10-06,,,,,unknown
2026-10-31,Hull City,Ipswich Town,0.4701503771732348,0.2844599330348241,0.2453896897919409,0.3432937264442444,0.3928923904895782,0.2638139128684997,0.4067220518087396,0.3386761617622011,0.2546018013302203,v2026-10-06,,,,,unknown
2026-10-31,Man City,Brighton,0.6068471678375309,0.2158016061287956,0.1773512260336733,0.5447666049003601,0.2877498269081116,0.1674835979938507,0.5758068863689455,0.2517757165184536,0.172417412013762,v2026-10-06,,,,,unknown
2026-10-31,Tottenham,Crystal Palace,0.417883435822691,0.2649006913625258,0.3172158728147832,0.2127096205949783,0.3942280411720276,0.3930624127388,0.3152965282088347,0.3295643662672767,0.3551391427767916,v2026-10-06,,,,,unknown
2026-10-31,Aston Villa,Fulham,0.6981293732835515,0.1867154405843195,0.115155186132129,0.6957712173461914,0.2169302850961685,0.0872984752058982,0.6969502953148714,0.201822862840244,0.1012268306690136,v2026-10-06,,,,,unknown
2026-11-01,Liverpool,Arsenal,0.601329832904608,0.2394701825953832,0.1591999845000088,0.5409330725669861,0.2529869675636291,0.2060799896717071,0.571131452735797,0.2462285750795061,0.182639987085858,v2026-10-06,,,,,unknown
2026-11-02,Newcastle,Everton,0.4450309519806458,0.2624401283544313,0.2925289196649228,0.1724898368120193,0.419973224401474,0.4075369834899902,0.3087603943963326,0.3412066763779526,0.3500329515774565,v2026-10-06,,,,,unknown
2026-11-06,Everton,Coventry City,0.4651275833331929,0.3224414755064903,0.2124309411603168,0.2544013559818268,0.4743969142436981,0.2712017297744751,0.3597644696575098,0.3984191948750942,0.2418163354673959,v2026-10-06,,,,,unknown
2026-11-07,Leeds,Tottenham,0.3936679812629904,0.291722516165423,0.3146095025715865,0.1975979655981063,0.4434763491153717,0.3589257001876831,0.2956329734305484,0.3675994326403973,0.3367676013796348,v2026-10-06,,,,,unknown
2026-11-07,Arsenal,Hull City,0.4626940765495356,0.2541724999604968,0.2831334234899677,0.5019951462745667,0.3040291368961334,0.1939757317304611,0.4823446114120511,0.2791008184283151,0.2385545776102144,v2026-10-06,,,,,unknown
2026-11-07,Fulham,Newcastle,0.4307640633404714,0.2808715062464858,0.2883644304130426,0.6388740539550781,0.1591950803995132,0.201930895447731,0.5348190586477748,0.2200332933229995,0.2451476629303868,v2026-10-06,,,,,unknown
2026-11-07,Nott'm Forest,Man City,0.3311210645579126,0.2865333089099409,0.3823456265321464,0.0998439714312553,0.1930295079946518,0.7071264982223511,0.2154825179945839,0.2397814084522963,0.5447360623772488,v2026-10-06,,,,,unknown
2026-11-08,Brighton,Brentford,0.7207516934638376,0.1805615561780668,0.0986867503580955,0.516902506351471,0.3077025711536407,0.1753948926925659,0.6188270999076543,0.2441320636658537,0.1370408215253307,v2026-10-06,,,,,unknown
2026-11-08,Crystal Palace,Liverpool,0.3192762289157672,0.2611910741824628,0.4195326969017699,0.2775235772132873,0.144094243645668,0.5783821940422058,0.2983999030645273,0.2026426589140654,0.4989574454719878,v2026-10-06,,,,,unknown
2026-11-08,Ipswich Town,Bournemouth,0.3496618884170095,0.2596090898925131,0.3907290216904774,0.3024338185787201,0.3757034838199615,0.3218626677989959,0.3260478534978648,0.3176562868562373,0.3562958447447367,v2026-10-06,,,,,unknown
2026-11-08,Sunderland,Chelsea,0.6972789610798261,0.2072813763739165,0.0954396625462573,0.8145475387573242,0.1080910637974739,0.0773613825440406,0.7559132499185752,0.1576862200856952,0.086400522545149,v2026-10-06,,,,,unknown
2026-11-08,Man United,Aston Villa,0.6928482594372354,0.1860622750785446,0.1210894654842199,0.7750958204269409,0.1321144551038742,0.0927896946668624,0.7339720399320881,0.1590883650912094,0.1069395800755412,v2026-10-06,,,,,unknown
2026-11-21,Newcastle,Arsenal,0.4486291933156689,0.2769585654241258,0.2744122412602052,0.3624581396579742,0.2030845135450363,0.4344573318958282,0.4055436664868216,0.240021539484581,0.3544347865780167,v2026-10-06,,,,,unknown
2026-11-21,Aston Villa,Sunderland,0.6327310669057558,0.2164087201559366,0.1508602129383075,0.6675775051116943,0.2476430535316467,0.0847794637084007,0.650154286008725,0.2320258868437917,0.1178198383233541,v2026-10-06,,,,,unknown
2026-11-21,Bournemouth,Nott'm Forest,0.6225677782728773,0.2160496767822831,0.1613825449448394,0.5479187369346619,0.3859360814094543,0.0661451965570449,0.5852432576037696,0.3009928790958687,0.1137638707509422,v2026-10-06,,,,,unknown
2026-11-21,Man City,Fulham,0.8636403393624476,0.0981483234061362,0.0382113372314162,0.7446382641792297,0.2223814725875854,0.0329802446067333,0.8041393017708387,0.1602648979968608,0.0355957909190747,v2026-10-06,,,,,unknown
2026-11-21,Coventry City,Crystal Palace,0.328126142617925,0.3006126694583674,0.3712611879237077,0.2331934720277786,0.4076666235923767,0.3591399192810058,0.2806598073228518,0.354139646525372,0.3652005536023568,v2026-10-06,,,,,unknown
2026-11-21,Tottenham,Ipswich Town,0.4308275979001537,0.2500167345436557,0.3191556675561907,0.3424581587314605,0.2964342534542084,0.3611076176166534,0.3866428783158071,0.273225493998932,0.340131642586422,v2026-10-06,,,,,unknown
2026-11-21,Chelsea,Leeds,0.2567222568643086,0.2426838495149806,0.5005938936207107,0.0780445039272308,0.3672679960727691,0.5546875,0.1673833803957697,0.3049759227938749,0.5276406968103553,v2026-10-06,,,,,unknown
2026-11-22,Hull City,Brighton,0.4798718144184036,0.2822812164665008,0.2378469691150955,0.4586994647979736,0.3436059057712555,0.1976945549249649,0.4692856396081886,0.3129435611188781,0.2177707620200302,v2026-10-06,,,,,unknown
2026-11-22,Liverpool,Man United,0.4860819641782444,0.2593680692012976,0.2545499666204579,0.2460411489009857,0.4126237630844116,0.341335117816925,0.3660615565396151,0.3359959161428546,0.2979425422186915,v2026-10-06,,,,,unknown
2026-11-23,Brentford,Everton,0.5166757192327989,0.2691060597906963,0.2142182209765047,0.3440508544445038,0.4723206162452698,0.1836285144090652,0.4303632868386513,0.370713338017983,0.198923367692785,v2026-10-06,,,,,unknown
2026-11-27,Nott'm Forest,Chelsea,0.4276175501374457,0.2940860988519518,0.2782963510106024,0.3273924887180328,0.2507017254829407,0.4219058156013489,0.3775050194277393,0.2723939121674462,0.3501010833059756,v2026-10-06,,,,,unknown
2026-11-28,Ipswich Town,Aston Villa,0.3930250634888241,0.2712054479928428,0.3357694885183331,0.3360437750816345,0.3150597214698791,0.3488964438438415,0.3645344192852293,0.293132584731361,0.3423329661810873,v2026-10-06,,,,,unknown
2026-11-28,Leeds,Coventry City,0.5242603225407612,0.2874132794270186,0.1883263980322202,0.3792311549186706,0.3781850636005401,0.2425838112831115,0.4517457387297159,0.3327991715137794,0.2154551046576658,v2026-10-06,,,,,unknown
2026-11-28,Man United,Brentford,0.6463505840835069,0.20140416600909,0.1522452499074031,0.4691908657550812,0.3375189304351806,0.1932901740074157,0.557770724919294,0.2694615482221353,0.1727677119574094,v2026-10-06,,,,,unknown
2026-11-29,Everton,Liverpool,0.3325279019918948,0.2845546759380982,0.3829174220700069,0.0941132828593254,0.3764994144439697,0.5293872356414795,0.2133205924256101,0.330527045191034,0.4561523288557432,v2026-10-06,,,,,unknown
2026-11-29,Brighton,Newcastle,0.6607384770784845,0.2215723789503952,0.1176891439711201,0.6885737776756287,0.1866253912448883,0.124800831079483,0.6746561273770566,0.2040988850976418,0.1212449875253016,v2026-10-06,,,,,unknown
2026-11-29,Crystal Palace,Hull City,0.308061162773684,0.2698604180856265,0.4220784191406895,0.3323040604591369,0.2066267132759094,0.4610692858695984,0.3201826116164105,0.238243565680768,0.4415738525051439,v2026-10-06,,,,,unknown
2026-11-29,Fulham,Bournemouth,0.225909470273698,0.235047164101824,0.5390433656244779,0.1323682516813278,0.2485807090997696,0.6190510392189026,0.1791388609775129,0.2418139366007968,0.5790472024216902,v2026-10-06,,,,,unknown
2026-11-29,Sunderland,Tottenham,0.5584712243554634,0.260025533387065,0.1815032422574715,0.8003754019737244,0.1027030199766159,0.0969216227531433,0.6794233131645939,0.1813642766818404,0.1392124325053074,v2026-10-06,,,,,unknown
2026-11-29,Arsenal,Man City,0.5966072826039014,0.230552697467259,0.1728400199288395,0.6164363026618958,0.212410032749176,0.1711536645889282,0.6065217926328985,0.2214813651082175,0.1719968422588839,v2026-10-06,,,,,unknown
2026-12-02,Man City,Leeds,0.8701749442104815,0.0918339006042972,0.0379911551852213,0.6845309138298035,0.2253558933734893,0.0901132076978683,0.7773529290201424,0.1585948969888933,0.0640521814415448,v2026-10-06,,,,,unknown
2026-12-02,Liverpool,Sunderland,0.7377173850383019,0.1755826651684616,0.0866999497932365,0.6980012655258179,0.2362170964479446,0.0657816007733345,0.7178593252820599,0.2058998808082031,0.0762407752832855,v2026-10-06,,,,,unknown
2026-12-02,Hull City,Nott'm Forest,0.4155131555877006,0.2834804903957201,0.3010063540165792,0.2736555635929107,0.3920163512229919,0.3343281149864197,0.3445843595903056,0.3377484208093561,0.3176672345014995,v2026-10-06,,,,,unknown
2026-12-02,Tottenham,Fulham,0.251913242872341,0.2432819238345694,0.5048048332930894,0.0990353301167488,0.3042473793029785,0.5967172980308533,0.1754742864945449,0.273764651568774,0.5507610656619714,v2026-10-06,,,,,unknown
2026-12-02,Aston Villa,Everton,0.5970035832721104,0.2213187284290297,0.1816776882988598,0.3461541533470154,0.3848011791706085,0.2690446972846985,0.4715788683095629,0.3030599537998191,0.2253611927917791,v2026-10-06,,,,,unknown
2026-12-02,Chelsea,Crystal Palace,0.585080012596937,0.2322238434836591,0.1826961439194039,0.6234509348869324,0.1813760101795196,0.1951731145381927,0.6042654737419346,0.2067999268315893,0.1889346292287983,v2026-10-06,,,,,unknown
2026-12-02,Coventry City,Ipswich Town,0.3363929574487683,0.2830405619505318,0.3805664806006999,0.3535397946834564,0.2975146174430847,0.3489455878734588,0.3449663760661123,0.2902775896968083,0.3647560342370793,v2026-10-06,,,,,unknown
2026-12-02,Bournemouth,Brighton,0.4504372298089903,0.2611705171740062,0.2883922530170034,0.2644188106060028,0.4302965998649597,0.3052846193313598,0.3574280202074966,0.3457335585194829,0.2968384361741816,v2026-10-06,,,,,unknown
2026-12-02,Brentford,Arsenal,0.3493944658830705,0.2995520586131276,0.3510534755038018,0.2687065899372101,0.2654117941856384,0.4658816456794739,0.3090505279101403,0.2824819263993831,0.4084675605916378,v2026-10-06,,,,,unknown
2026-12-02,Newcastle,Man United,0.6117552623169525,0.2228446154777321,0.1654001222053153,0.3880537450313568,0.4636689722537994,0.1482772678136825,0.4999045036741547,0.3432567938657658,0.1568386950094989,v2026-10-06,,,,,unknown
2026-12-05,Brentford,Man City,0.3062162847811896,0.2949849818499642,0.3987987333688461,0.2868565917015075,0.3107298910617828,0.402413547039032,0.2965364382413485,0.3028574364558735,0.400606140203939,v2026-10-06,,,,,unknown
2026-12-05,Aston Villa,Crystal Palace,0.3641005716520427,0.2715112079741406,0.3643882203738167,0.0805677771568298,0.2920437455177307,0.6273884773254395,0.2223341744044362,0.2817774767459357,0.495888348849628,v2026-10-06,,,,,unknown
2026-12-05,Bournemouth,Hull City,0.4180751646951812,0.2699716362115265,0.3119531990932923,0.3072198331356048,0.5110823512077332,0.1816978305578231,0.362647498915393,0.3905269937096298,0.2468255148255577,v2026-10-06,,,,,unknown
2026-12-05,Chelsea,Liverpool,0.4126640850902711,0.246493193247905,0.3408427216618238,0.4568288326263428,0.1811508983373642,0.3620203137397766,0.434746458858307,0.2138220457926346,0.3514315177008002,v2026-10-06,,,,,unknown
2026-12-05,Everton,Fulham,0.5945779070645859,0.2593192027329821,0.1461028902024319,0.3668034374713897,0.5428971648216248,0.0902993455529213,0.4806906722679878,0.4011081837773034,0.1182011178776766,v2026-10-06,,,,,unknown
2026-12-05,Leeds,Ipswich Town,0.5737264478918924,0.2458084668571711,0.1804650852509365,0.4008734822273254,0.4213277101516723,0.1777987480163574,0.4872999650596089,0.3335680885044217,0.1791319166336469,v2026-10-06,,,,,unknown
2026-12-05,Man United,Coventry City,0.5102932142448625,0.2647477971131768,0.2249589886419606,0.4169108271598816,0.2545155584812164,0.3285735845565796,0.463602020702372,0.2596316777971966,0.2767662865992701,v2026-10-06,,,,,unknown
2026-12-05,Nott'm Forest,Brighton,0.3507189774875375,0.2763464903137053,0.3729345321987572,0.1117440834641456,0.3603705763816833,0.527885377407074,0.2312315304758416,0.3183585333476943,0.4504099548029155,v2026-10-06,,,,,unknown
2026-12-05,Tottenham,Arsenal,0.1724030478291238,0.2175937531815631,0.6100031989893131,0.1049374341964721,0.1330803334712982,0.761982262134552,0.138670241012798,0.1753370433264306,0.6859927305619326,v2026-10-06,,,,,unknown
2026-12-05,Newcastle,Sunderland,0.2183562948690808,0.2461614116620713,0.5354822934688479,0.1181341484189033,0.4156326353549957,0.4662332236766815,0.168245221643992,0.3308970235085335,0.5008577585727647,v2026-10-06,,,,,unknown
2026-12-12,Arsenal,Bournemouth,0.48112338143952,0.2474099405883806,0.2714666779720994,0.3371085822582245,0.383173406124115,0.2797179818153381,0.4091159818488722,0.3152916733562478,0.2755923298937188,v2026-10-06,,,,,unknown
2026-12-12,Brighton,Everton,0.5281516620689954,0.2584093660921374,0.2134389718388671,0.3600330650806427,0.3552551567554474,0.2847118079662323,0.444092363574819,0.3068322614237924,0.2490753899025497,v2026-10-06,,,,,unknown
2026-12-12,Coventry City,Aston Villa,0.310794275376853,0.2879124947259123,0.4012932298972346,0.3508392870426178,0.2809545397758484,0.3682061433792114,0.3308167812097354,0.2844335172508803,0.384749686638223,v2026-10-06,,,,,unknown
2026-12-12,Crystal Palace,Man United,0.3796821520288136,0.2784579396992241,0.3418599082719623,0.2566469311714172,0.3774778842926025,0.3658752143383026,0.3181645416001154,0.3279679119959133,0.3538675613051324,v2026-10-06,,,,,unknown
2026-12-12,Fulham,Brentford,0.5972476366716523,0.2235299377410538,0.1792224255872939,0.5512056946754456,0.2740836441516876,0.1747106611728668,0.5742266656735489,0.2488067909463707,0.1769665433800803,v2026-10-06,,,,,unknown
2026-12-12,Hull City,Tottenham,0.4530259383980714,0.2981592433510759,0.2488148182508526,0.4483936131000519,0.3507013618946075,0.2009050101041793,0.4507097757490617,0.3244303026228418,0.224859914177516,v2026-10-06,,,,,unknown
2026-12-12,Ipswich Town,Newcastle,0.1333252735209626,0.2087950367252258,0.6578796897538116,0.1146910786628723,0.1832398921251297,0.7020690441131592,0.1240081760919175,0.1960174644251777,0.6799743669334855,v2026-10-06,,,,,unknown
2026-12-12,Liverpool,Leeds,0.6034181357704296,0.2266577792901712,0.169924084939399,0.283089280128479,0.4320790767669678,0.2848316729068756,0.4432537079494543,0.3293684280285695,0.2273778789231373,v2026-10-06,,,,,unknown
2026-12-12,Man City,Chelsea,0.7257701246446798,0.1785799865985815,0.0956498887567385,0.848710834980011,0.1195385009050369,0.0317506715655326,0.7872404798123454,0.1490592437518092,0.0637002801611356,v2026-10-06,,,,,unknown
2026-12-12,Sunderland,Nott'm Forest,0.3563008441254452,0.2733087677591887,0.370390388115366,0.2253177464008331,0.3055242598056793,0.4691579639911651,0.2908092952631392,0.289416513782434,0.4197741760532656,v2026-10-06,,,,,unknown
2026-12-19,Arsenal,Man United,0.6549266552829943,0.2049018881024102,0.1401714566145954,0.6633211374282837,0.2808224558830261,0.0558563731610775,0.659123896355639,0.2428621719927182,0.0980139148878364,v2026-10-06,,,,,unknown
2026-12-19,Bournemouth,Coventry City,0.464102879490347,0.2930893319309064,0.2428077885787466,0.1864630281925201,0.6084126234054565,0.2051244080066681,0.3252829538414336,0.4507509776681815,0.2239660982927073,v2026-10-06,,,,,unknown
2026-12-19,Brentford,Newcastle,0.5454450147481473,0.2743690495536657,0.1801859356981869,0.6066288948059082,0.2411274313926696,0.1522436887025833,0.5760369547770278,0.2577482404731677,0.1662148122003851,v2026-10-06,,,,,unknown
2026-12-19,Brighton,Ipswich Town,0.744352099052217,0.1690212106311454,0.0866266903166375,0.8171042799949646,0.1064256578683853,0.07647006213665,0.7807281895235908,0.1377234342497654,0.0815483762266437,v2026-10-06,,,,,unknown
2026-12-19,Chelsea,Aston Villa,0.3473867358182042,0.2623281489988758,0.3902851151829201,0.2562645673751831,0.1963501274585724,0.5473852753639221,0.3018256515966936,0.2293391382287241,0.4688351952734211,v2026-10-06,,,,,unknown
2026-12-19,Leeds,Fulham,0.554480668999988,0.2595797049290166,0.1859396260709952,0.362913578748703,0.5256556868553162,0.111430712044239,0.4586971238743455,0.3926176958921664,0.1486851690576171,v2026-10-06,,,,,unknown
2026-12-19,Liverpool,Tottenham,0.750832486642814,0.1681859326125148,0.0809815807446712,0.8291193246841431,0.1280518472194671,0.042828794568777,0.7899759056634785,0.1481188899159909,0.0619051876567241,v2026-10-06,,,,,unknown
2026-12-19,Man City,Hull City,0.4984586388514288,0.2424330927992908,0.2591082683492803,0.4895711541175842,0.2467624843120575,0.2636663317680359,0.4940148964845065,0.2445977885556741,0.261387300058658,v2026-10-06,,,,,unknown
2026-12-19,Nott'm Forest,Everton,0.2848775865903289,0.2727949446768932,0.4423274687327779,0.0546977035701274,0.3334001302719116,0.611902117729187,0.1697876450802282,0.3030975374744024,0.5271147932309825,v2026-10-06,,,,,unknown
2026-12-19,Sunderland,Crystal Palace,0.5594016551793243,0.2652819764358117,0.1753163683848639,0.6132102012634277,0.2691257297992706,0.1176640391349792,0.5863059282213761,0.2672038531175412,0.1464902037599216,v2026-10-06,,,,,unknown
2026-12-26,Aston Villa,Leeds,0.651637243952733,0.2014690029378306,0.1468937531094364,0.5990301966667175,0.2445219159126281,0.1564478725194931,0.6253337203097253,0.2229954594252294,0.1516708128144647,v2026-10-06,,,,,unknown
2026-12-26,Everton,Sunderland,0.3325411905008926,0.3148550652194904,0.3526037442796169,0.057131677865982,0.5455042719841003,0.3973640203475952,0.1948364341834373,0.4301796686017953,0.3749838823136061,v2026-10-06,,,,,unknown
2026-12-26,Fulham,Brighton,0.575281467412843,0.2290816856813645,0.1956368469057924,0.6901625394821167,0.1635661423206329,0.1462713479995727,0.6327220034474799,0.1963239140009987,0.1709540974526825,v2026-10-06,,,,,unknown
2026-12-26,Ipswich Town,Brentford,0.1503570817133518,0.2008390386046928,0.6488038796819554,0.0627861768007278,0.273414671421051,0.6637991070747375,0.1065716292570398,0.2371268550128719,0.6563014933783464,v2026-10-06,,,,,unknown
2026-12-26,Tottenham,Bournemouth,0.3041434647238288,0.2443585728782665,0.4514979623979047,0.2153634279966354,0.221150204539299,0.5634863376617432,0.2597534463602321,0.2327543887087828,0.507492150029824,v2026-10-06,,,,,unknown
2026-12-26,Hull City,Liverpool,0.4543438597782467,0.276911465106415,0.2687446751153382,0.3978099226951599,0.300934374332428,0.3012557625770569,0.4260768912367033,0.2889229197194215,0.2850002188461975,v2026-10-06,,,,,unknown
2026-12-26,Newcastle,Man City,0.3848335594182926,0.2738062650806538,0.3413601755010534,0.2186863124370575,0.2430163323879242,0.5382973551750183,0.3017599359276751,0.258411298734289,0.4398287653380359,v2026-10-06,,,,,unknown
2026-12-27,Man United,Nott'm Forest,0.4281384691144101,0.2422873321755415,0.3295741987100484,0.3011663258075714,0.2270181626081466,0.4718154966831207,0.3646523974609907,0.234652747391844,0.4006948476965846,v2026-10-06,,,,,unknown
2026-12-27,Crystal Palace,Arsenal,0.1552748372773704,0.2277194018527089,0.6170057608699205,0.0756480023264885,0.1047054007649421,0.8196465373039246,0.1154614198019294,0.1662124013088255,0.7183261490869226,v2026-10-06,,,,,unknown
2026-12-27,Coventry City,Chelsea,0.3199547231206989,0.3032325598354262,0.3768127170438749,0.4594913423061371,0.217037171125412,0.3234715461730957,0.389723032713418,0.2601348654804191,0.3501421316084853,v2026-10-06,,,,,unknown
2026-12-29,Hull City,Leeds,0.4547593542766446,0.2869144833748064,0.2583261623485489,0.2325891256332397,0.4656828641891479,0.3017279803752899,0.3436742399549422,0.3762986737819772,0.2800270713619194,v2026-10-06,,,,,unknown
2026-12-29,Tottenham,Brighton,0.3204453794691752,0.2464507987447328,0.433103821786092,0.1741897612810135,0.1885522603988647,0.637257993221283,0.2473175703750943,0.2175015295717987,0.5351809075036875,v2026-10-06,,,,,unknown
2026-12-29,Everton,Man City,0.2955440167131867,0.3063202808235261,0.3981357024632871,0.1099094524979591,0.3173762261867523,0.5727143287658691,0.2027267346055729,0.3118482535051392,0.4854250156145781,v2026-10-06,,,,,unknown
2026-12-30,Coventry City,Brentford,0.3629257518430007,0.2840198543680291,0.3530543937889702,0.3170246183872223,0.3681163787841797,0.314859002828598,0.3399751851151115,0.3260681165761044,0.3339566983087841,v2026-10-06,,,,,unknown
2026-12-30,Crystal Palace,Bournemouth,0.1825412512489015,0.2259247160939917,0.5915340326571068,0.0492070727050304,0.1758677512407302,0.7749251127243042,0.1158741619769659,0.200896233667361,0.6832295726907055,v2026-10-06,,,,,unknown
2026-12-30,Fulham,Arsenal,0.3300461296510481,0.2748734532960447,0.3950804170529072,0.3018663227558136,0.1281417310237884,0.569991946220398,0.3159562262034309,0.2015075921599165,0.4825361816366526,v2026-10-06,,,,,unknown
2026-12-30,Man United,Sunderland,0.6896332667905598,0.1897951545426029,0.1205715786668373,0.7403164505958557,0.1771634221076965,0.0825201272964477,0.7149748586932078,0.1834792883251497,0.1015458529816425,v2026-10-06,,,,,unknown
2026-12-30,Newcastle,Nott'm Forest,0.6881381387236114,0.1870625459514867,0.1247993153249018,0.7341280579566956,0.1969236433506012,0.068948321044445,0.7111330983401535,0.1919930946510439,0.0968738181846734,v2026-10-06,,,,,unknown
2026-12-30,Aston Villa,Liverpool,0.3475924440162995,0.2443655384027155,0.4080420175809848,0.162435695528984,0.1839852631092071,0.6535789966583252,0.2550140697726418,0.2141754007559613,0.530810507119655,v2026-10-06,,,,,unknown
2026-12-30,Ipswich Town,Chelsea,0.5600418827609521,0.2491804819882844,0.1907776352507634,0.8186953663825989,0.0952654257416725,0.0860392674803733,0.6893686245717755,0.1722229538649785,0.1384084513655684,v2026-10-06,,,,,unknown
2027-01-01,Leeds,Everton,0.7159991924719297,0.1871665501570259,0.0968342573710443,0.6620160937309265,0.2614599168300628,0.0765240117907524,0.689007643101428,0.2243132334935444,0.0866791345808983,v2026-10-06,,,,,unknown
2027-01-02,Brighton,Man United,0.5227060443597862,0.2603095474192217,0.216984408220992,0.4271186292171478,0.3663054406642914,0.2065759003162384,0.474912336788467,0.3133074940417565,0.2117801542686152,v2026-10-06,,,,,unknown
2027-01-02,Arsenal,Ipswich Town,0.8522393224171062,0.1036337720353414,0.0441269055475523,0.8162239193916321,0.118735633790493,0.0650405138731002,0.8342316209043692,0.1111847029129172,0.0545837097103263,v2026-10-06,,,,,unknown
2027-01-02,Liverpool,Coventry City,0.5686444186048344,0.2622652834055301,0.1690902979896355,0.3800129890441894,0.3444949090480804,0.2754921019077301,0.4743287038245119,0.3033800962268053,0.2222911999486828,v2026-10-06,,,,,unknown
2027-01-02,Bournemouth,Aston Villa,0.3146856432188384,0.2752722817216779,0.4100420750594837,0.0642454922199249,0.5545098781585693,0.3812445998191833,0.1894655677193817,0.4148910799401236,0.3956433374393335,v2026-10-06,,,,,unknown
2027-01-02,Nott'm Forest,Fulham,0.3310813284471636,0.2864471748173763,0.3824714967354601,0.0813130363821983,0.438803493976593,0.4798834323883056,0.2061971824146809,0.3626253343969847,0.4311774645618829,v2026-10-06,,,,,unknown
2027-01-02,Sunderland,Hull City,0.3248792585440574,0.2779632255893948,0.3971575158665479,0.3362602591514587,0.2326986938714981,0.4310410022735595,0.3305697588477581,0.2553309597304464,0.4140992590700537,v2026-10-06,,,,,unknown
2027-01-02,Brentford,Crystal Palace,0.5545154051488373,0.2652416678604911,0.1802429269906715,0.2971057593822479,0.4965793192386627,0.2063149362802505,0.4258105822655426,0.3809104935495769,0.193278931635461,v2026-10-06,,,,,unknown
2027-01-03,Chelsea,Newcastle,0.3547126702964522,0.2752655264032464,0.3700218033003015,0.3905736207962036,0.177745372056961,0.4316809773445129,0.3726431455463279,0.2265054492301037,0.4008513903224072,v2026-10-06,,,,,unknown
2027-01-03,Man City,Tottenham,0.5765179547165831,0.2326006239143601,0.1908814213690566,0.5054740309715271,0.3066730201244354,0.1878529191017151,0.5409959928440551,0.2696368220193978,0.1893671702353858,v2026-10-06,,,,,unknown
2027-01-05,Arsenal,Brentford,0.792116345443652,0.1375735564102662,0.0703100981460818,0.7442883253097534,0.1885149776935577,0.0671966597437858,0.7682023353767027,0.1630442670519119,0.0687533789449338,v2026-10-06,,,,,unknown
2027-01-05,Everton,Aston Villa,0.3800784123890532,0.3090768165823183,0.3108447710286286,0.1204194724559784,0.4383839070796966,0.4411966502666473,0.2502489424225158,0.3737303618310075,0.376020710647638,v2026-10-06,,,,,unknown
2027-01-05,Sunderland,Liverpool,0.2386804481963034,0.2503439969454128,0.5109755548582837,0.097719632089138,0.2527588009834289,0.6495215892791748,0.1682000401427207,0.2515513989644209,0.5802485720687293,v2026-10-06,,,,,unknown
2027-01-05,Nott'm Forest,Hull City,0.4162078347787027,0.2745757826144574,0.3092163826068397,0.3725646138191223,0.2716086804866791,0.3558266758918762,0.3943862242989125,0.2730922315505683,0.3325215292493579,v2026-10-06,,,,,unknown
2027-01-05,Brighton,Bournemouth,0.5770343267693339,0.2364258351248375,0.1865398381058286,0.5038741827011108,0.2555571794509887,0.2405686974525451,0.5404542547352224,0.2459915072879131,0.2135542677791869,v2026-10-06,,,,,unknown
2027-01-06,Crystal Palace,Chelsea,0.2251480489966474,0.2665765998034916,0.5082753511998611,0.0782490074634552,0.1505570411682129,0.7711939215660095,0.1516985282300513,0.2085668204858522,0.6397346363829353,v2026-10-06,,,,,unknown
2027-01-06,Fulham,Tottenham,0.6026112379886485,0.2280875291684113,0.1693012328429401,0.8638302683830261,0.0652253627777099,0.0709444209933281,0.7332207531858372,0.1466564459730606,0.1201228269181341,v2026-10-06,,,,,unknown
2027-01-06,Ipswich Town,Coventry City,0.3881519437601648,0.2956735882470896,0.3161744679927455,0.3028836250305176,0.2880212068557739,0.4090951681137085,0.3455177843953412,0.2918473975514318,0.362634818053227,v2026-10-06,,,,,unknown
2027-01-06,Leeds,Man City,0.2461664645539296,0.2734479950044152,0.4803855404416551,0.2090069651603698,0.3296244442462921,0.4613686203956604,0.2275867148571497,0.3015362196253536,0.4708770804186578,v2026-10-06,,,,,unknown
2027-01-07,Man United,Newcastle,0.4036362575673061,0.2673745994100635,0.3289891430226303,0.2470964342355728,0.1974693834781646,0.5554341673851013,0.3253663459014394,0.2324219914441141,0.4422116552038658,v2026-10-06,,,,,unknown
2027-01-16,Bournemouth,Ipswich Town,0.5049329192806123,0.2553449520327103,0.2397221286866773,0.2072816640138626,0.6029769778251648,0.1897413730621338,0.3561072916472375,0.4291609649289375,0.2147317508744055,v2026-10-06,,,,,unknown
2027-01-16,Brentford,Brighton,0.4726792474856817,0.2710404383937045,0.2562803141206137,0.3522356748580932,0.3313441276550293,0.316420167684555,0.4124574611718875,0.3011922830243669,0.2863502409025844,v2026-10-06,,,,,unknown
2027-01-16,Aston Villa,Man United,0.2521122694450471,0.2422114479283446,0.5056762826266082,0.0644441545009613,0.3586093783378601,0.576946496963501,0.1582782119730042,0.3004104131331023,0.5413113897950546,v2026-10-06,,,,,unknown
2027-01-16,Chelsea,Sunderland,0.1337279836164995,0.1972558674339125,0.6690161489495879,0.1043997481465339,0.3565281629562378,0.5390720963478088,0.1190638658815167,0.2768920151950751,0.6040441226486983,v2026-10-06,,,,,unknown
2027-01-16,Coventry City,Everton,0.3283511587167519,0.2855168558810003,0.3861319854022477,0.2777333259582519,0.3601272106170654,0.3621394336223602,0.3030422423375019,0.3228220332490329,0.374135709512304,v2026-10-06,,,,,unknown
2027-01-16,Hull City,Arsenal,0.4563552919943721,0.3038853786145425,0.2397593293910853,0.4655156135559082,0.2832872867584228,0.2511971592903137,0.4609354527751401,0.2935863326864827,0.2454782443406995,v2026-10-06,,,,,unknown
2027-01-16,Newcastle,Fulham,0.5569135528019626,0.2470107973241748,0.1960756498738625,0.4316738247871399,0.419343888759613,0.1489822566509246,0.4942936887945512,0.3331773430418939,0.1725289532623936,v2026-10-06,,,,,unknown
2027-01-16,Liverpool,Crystal Palace,0.652317570376643,0.2193406192369136,0.1283418103864435,0.3031398355960846,0.50637286901474,0.1904873698949813,0.4777287029863638,0.3628567441258268,0.1594145901407124,v2026-10-06,,,,,unknown
2027-01-16,Man City,Nott'm Forest,0.7108967283362942,0.1716931636969475,0.1174101079667581,0.7506516575813293,0.1656810790300369,0.0836672410368919,0.7307741929588119,0.1686871213634922,0.100538674501825,v2026-10-06,,,,,unknown
2027-01-16,Tottenham,Leeds,0.6028394265511318,0.2181478080399802,0.179012765408888,0.5925664901733398,0.3263568878173828,0.0810766220092773,0.5977029583622357,0.2722523479286815,0.1300446937090826,v2026-10-06,,,,,unknown
2027-01-23,Arsenal,Newcastle,0.6339103284815109,0.2227127629945073,0.1433769085239818,0.6270743012428284,0.2443704903125763,0.1285551935434341,0.6304923148621696,0.2335416266535417,0.135966051033708,v2026-10-06,,,,,unknown
2027-01-23,Brighton,Man City,0.5748553418405162,0.2500205725817007,0.1751240855777831,0.6475028395652771,0.1606709361076355,0.1918262392282486,0.6111790907028967,0.2053457543446681,0.1834751624030158,v2026-10-06,,,,,unknown
2027-01-23,Crystal Palace,Tottenham,0.3693462642411012,0.280163693387059,0.3504900423718398,0.3116613030433655,0.1495058983564376,0.5388327836990356,0.3405037836422333,0.2148347958717483,0.4446614130354377,v2026-10-06,,,,,unknown
2027-01-23,Everton,Brentford,0.5914896449907405,0.2539534115456598,0.1545569434635996,0.2935825884342193,0.5515233874320984,0.1548939943313598,0.4425361167124799,0.4027383994888791,0.1547254688974797,v2026-10-06,,,,,unknown
2027-01-23,Fulham,Aston Villa,0.2233885941640239,0.2468156266556574,0.5297957791803186,0.1625844091176986,0.2448532879352569,0.5925622582435608,0.1929865016408612,0.2458344572954572,0.5611790187119396,v2026-10-06,,,,,unknown
2027-01-23,Ipswich Town,Hull City,0.3296273174994635,0.2606343427308226,0.4097383397697138,0.4192132949829101,0.2124698609113693,0.3683168292045593,0.3744203062411868,0.2365521018210959,0.3890275844871366,v2026-10-06,,,,,unknown
2027-01-23,Leeds,Chelsea,0.6934073706205102,0.2082507886136014,0.0983418407658883,0.8076031804084778,0.1597789525985717,0.0326179079711437,0.750505275514494,0.1840148706060866,0.065479874368516,v2026-10-06,,,,,unknown
2027-01-23,Man United,Liverpool,0.5937281164062588,0.2096433155309092,0.196628568062832,0.5856741666793823,0.1457697600126266,0.2685561180114746,0.5897011415428206,0.1777065377717679,0.2325923430371533,v2026-10-06,,,,,unknown
2027-01-23,Nott'm Forest,Bournemouth,0.2829144219655796,0.2674586055627855,0.4496269724716349,0.0695836395025253,0.4345576763153076,0.4958586990833282,0.1762490307340524,0.3510081409390465,0.4727428357774815,v2026-10-06,,,,,unknown
2027-01-23,Sunderland,Coventry City,0.3813700486112684,0.3183814992472124,0.3002484521415192,0.2854634523391723,0.3429892957210541,0.3715472519397735,0.3334167504752203,0.3306853974841332,0.3358978520406463,v2026-10-06,,,,,unknown
2027-01-30,Brentford,Man United,0.4574739556727407,0.2825543365653196,0.2599717077619397,0.3103128373622894,0.4999756813049316,0.1897114962339401,0.3838933965175151,0.3912650089351256,0.2248416019979399,v2026-10-06,,,,,unknown
2027-01-30,Chelsea,Nott'm Forest,0.4287042709104542,0.246407264551218,0.3248884645383277,0.3127920925617218,0.2174922972917556,0.4697156250476837,0.370748181736088,0.2319497809214868,0.3973020447930057,v2026-10-06,,,,,unknown
2027-01-30,Aston Villa,Ipswich Town,0.4907509465984448,0.2461184130507333,0.2631306403508218,0.3231051862239837,0.2960141599178314,0.3808806538581848,0.4069280664112143,0.2710662864842824,0.3220056471045033,v2026-10-06,,,,,unknown
2027-01-30,Bournemouth,Fulham,0.6492550884051095,0.215165793217603,0.1355791183772875,0.5777336955070496,0.3741052746772766,0.0481610521674156,0.6134943919560796,0.2946355339474398,0.0918700852723515,v2026-10-06,,,,,unknown
2027-01-30,Coventry City,Leeds,0.3247842781982632,0.2833973473988802,0.3918183744028566,0.2626510858535766,0.3767085671424866,0.3606403172016144,0.2937176820259199,0.3300529572706834,0.3762293458022355,v2026-10-06,,,,,unknown
2027-01-30,Hull City,Crystal Palace,0.4554384244898575,0.3048026086464165,0.239758966863726,0.1920413374900818,0.6086432337760925,0.1993154138326645,0.3237398809899696,0.4567229212112545,0.2195371903481952,v2026-10-06,,,,,unknown
2027-01-30,Newcastle,Brighton,0.4699366445831074,0.2582725693491258,0.2717907860677667,0.3311671018600464,0.3097233176231384,0.3591095507144928,0.4005518732215769,0.2839979434861321,0.3154501683911297,v2026-10-06,,,,,unknown
2027-01-30,Tottenham,Sunderland,0.2559562078399901,0.2535351262706464,0.4905086658893633,0.0789646357297897,0.3542991280555725,0.5667362213134766,0.1674604217848899,0.3039171271631095,0.52862244360142,v2026-10-06,,,,,unknown
2027-01-30,Liverpool,Everton,0.7589854378902613,0.159326199607624,0.0816883625021146,0.726905882358551,0.202159896492958,0.0709342584013938,0.7429456601244062,0.180743048050291,0.0763113104517542,v2026-10-06,,,,,unknown
2027-01-30,Man City,Arsenal,0.5230507163536045,0.2519000563094271,0.2250492273369685,0.4916327595710754,0.2236434370279312,0.2847237884998321,0.50734173796234,0.2377717466686791,0.2548865079184003,v2026-10-06,,,,,unknown
2027-02-06,Crystal Palace,Coventry City,0.3611420460773292,0.3078507509896221,0.3310072029330486,0.2227629125118255,0.2078226208686828,0.5694144368171692,0.2919524792945774,0.2578366859291525,0.4502108198751089,v2026-10-06,,,,,unknown
2027-02-06,Everton,Newcastle,0.5745718507605665,0.2724332586845002,0.1529948905549333,0.4532261192798614,0.3926853239536285,0.1540885865688324,0.513898985020214,0.3325592913190643,0.1535417385618828,v2026-10-06,,,,,unknown
2027-02-06,Arsenal,Liverpool,0.5411794125243347,0.2315935501957163,0.227227037279949,0.5033836364746094,0.2995294034481048,0.1970869749784469,0.5222815244994721,0.2655614768219106,0.212157006129198,v2026-10-06,,,,,unknown
2027-02-06,Brighton,Hull City,0.5044022641560961,0.2611005817532575,0.2344971540906463,0.6030519008636475,0.2212553471326828,0.1756927520036697,0.5537270825098718,0.2411779644429701,0.205094953047158,v2026-10-06,,,,,unknown
2027-02-06,Fulham,Man City,0.1578856871401735,0.2185118612655591,0.6236024515942673,0.2231596410274505,0.2087762355804443,0.5680640935897827,0.190522664083812,0.2136440484230017,0.595833272592025,v2026-10-06,,,,,unknown
2027-02-06,Ipswich Town,Tottenham,0.3987576800634381,0.2700150747551885,0.3312272451813733,0.4007584452629089,0.1834403872489929,0.4158011674880981,0.3997580626631735,0.2267277310020907,0.3735142063347357,v2026-10-06,,,,,unknown
2027-02-06,Nott'm Forest,Brentford,0.5921219588014737,0.2371611196590024,0.1707169215395239,0.307622879743576,0.3951307535171509,0.297246366739273,0.4498724192725248,0.3161459365880766,0.2339816441393985,v2026-10-06,,,,,unknown
2027-02-06,Sunderland,Aston Villa,0.2442778398635617,0.2747724487135828,0.4809497114228554,0.0887523144483566,0.3653897643089294,0.5458579063415527,0.1665150771559591,0.3200811065112561,0.513403808882204,v2026-10-06,,,,,unknown
2027-02-06,Leeds,Bournemouth,0.5094027772769902,0.2625279822876604,0.2280692404353494,0.3676102459430694,0.4660852551460266,0.1663044989109039,0.4385065116100298,0.3643066187168435,0.1971868696731266,v2026-10-06,,,,,unknown
2027-02-06,Man United,Chelsea,0.5846989696927469,0.2348028052895833,0.1804982250176697,0.6451393961906433,0.2070379704236984,0.1478226482868194,0.6149191829416951,0.2209203878566408,0.1641604366522446,v2026-10-06,,,,,unknown
2027-02-10,Everton,Leeds,0.3424109156056975,0.300457371448207,0.3571317129460954,0.0525654591619968,0.5181006193161011,0.4293339252471924,0.1974881873838471,0.409278995382154,0.3932328190966439,v2026-10-06,,,,,unknown
2027-02-10,Fulham,Nott'm Forest,0.5737480821075859,0.2269610574216333,0.1992908604707807,0.7788310647010803,0.1211074739694595,0.1000614315271377,0.676289573404333,0.1740342656955464,0.1496761459989592,v2026-10-06,,,,,unknown
2027-02-10,Aston Villa,Bournemouth,0.5974112541372515,0.2176930718998177,0.1848956739629308,0.6810402274131775,0.2195631712675094,0.0993965715169906,0.6392257407752144,0.2186281215836636,0.1421461227399607,v2026-10-06,,,,,unknown
2027-02-10,Coventry City,Liverpool,0.3161943668225672,0.2695874968794856,0.4142181362979472,0.4487087428569793,0.1862751990556717,0.3650160729885101,0.3824515548397733,0.2279313479675786,0.3896171046432286,v2026-10-06,,,,,unknown
2027-02-10,Crystal Palace,Brentford,0.413556930194946,0.269209307539028,0.317233762266026,0.2262147665023803,0.2685680687427521,0.5052171945571899,0.3198858483486632,0.26888868814089,0.4112254784116079,v2026-10-06,,,,,unknown
2027-02-10,Man United,Brighton,0.5655845900774773,0.2260065700224285,0.2084088399000942,0.5836666822433472,0.2166227251291275,0.1997106373310089,0.5746256361604123,0.221314647575778,0.2040597386155515,v2026-10-06,,,,,unknown
2027-02-10,Newcastle,Chelsea,0.6002056812978638,0.2399465789591611,0.1598477397429751,0.6518131494522095,0.2173462659120559,0.1308405697345733,0.6260094153750366,0.2286464224356085,0.1453441547387742,v2026-10-06,,,,,unknown
2027-02-10,Tottenham,Man City,0.4245369792828709,0.2627204389422108,0.3127425817749183,0.4860632121562958,0.2384781539440155,0.2754586637020111,0.4553000957195833,0.2505992964431132,0.2941006227384647,v2026-10-06,,,,,unknown
2027-02-10,Hull City,Sunderland,0.4392102069556245,0.3017565017630624,0.2590332912813129,0.2368976473808288,0.4833208620548248,0.2797814905643463,0.3380539271682267,0.3925386819089436,0.2694073909228296,v2026-10-06,,,,,unknown
2027-02-10,Ipswich Town,Arsenal,0.1353133796726867,0.2045274022171374,0.6601592181101757,0.1069361642003059,0.1282671242952346,0.7647967338562012,0.1211247719364963,0.1663972632561861,0.7124779759831885,v2026-10-06,,,,,unknown
2027-02-20,Brentford,Coventry City,0.5293396066663042,0.2893344643223809,0.1813259290113149,0.4418982267379761,0.3709731996059418,0.1871286034584045,0.4856189167021401,0.3301538319641613,0.1842272662348597,v2026-10-06,,,,,unknown
2027-02-20,Arsenal,Fulham,0.6444372697341755,0.2096997533342719,0.1458629769315526,0.4922214448451996,0.3899765312671661,0.117802083492279,0.5683293572896875,0.299838142300719,0.1318325302119158,v2026-10-06,,,,,unknown
2027-02-20,Chelsea,Ipswich Town,0.2602112947924816,0.2393174706781931,0.5004712345293252,0.1033817008137703,0.2019307613372802,0.69468754529953,0.1817964978031259,0.2206241160077367,0.5975793899144276,v2026-10-06,,,,,unknown
2027-02-20,Bournemouth,Crystal Palace,0.6477360608004793,0.220117767140123,0.1321461720593977,0.4380154907703399,0.4725366830825805,0.0894478186964988,0.5428757757854097,0.3463272251113518,0.1107969953779482,v2026-10-06,,,,,unknown
2027-02-20,Brighton,Tottenham,0.6722311316595262,0.208130553599645,0.1196383147408288,0.6763239502906799,0.1547969132661819,0.1688791960477829,0.6742775409751031,0.1814637334329135,0.1442587553943058,v2026-10-06,,,,,unknown
2027-02-20,Man City,Newcastle,0.7190530854504208,0.1802786386704945,0.1006682758790846,0.8368353247642517,0.104296363890171,0.0588682703673839,0.7779442051073362,0.1422875012803328,0.0797682731232343,v2026-10-06,,,,,unknown
2027-02-20,Nott'm Forest,Man United,0.4902247702842684,0.26743690660909,0.2423383231066415,0.2483067810535431,0.4620214700698852,0.2896717190742492,0.3692657756689057,0.3647291883394876,0.2660050210904454,v2026-10-06,,,,,unknown
2027-02-20,Sunderland,Everton,0.5649623486414337,0.2503255861335109,0.1847120652250554,0.6221500039100647,0.2456205636262893,0.1322294473648071,0.5935561762757492,0.2479730748799001,0.1584707562949313,v2026-10-06,,,,,unknown
2027-02-20,Leeds,Aston Villa,0.3811186139642883,0.2892214717918093,0.3296599142439024,0.1288942247629165,0.5001348257064819,0.3709709942340851,0.2550064193636024,0.3946781487491456,0.3503154542389937,v2026-10-06,,,,,unknown
2027-02-20,Liverpool,Hull City,0.5282813240862465,0.248513927950957,0.2232047479627965,0.4676569700241089,0.2855755090713501,0.2467675656080246,0.4979691470551777,0.2670447185111535,0.2349861567854105,v2026-10-06,,,,,unknown
2027-02-27,Crystal Palace,Sunderland,0.2294796806515233,0.2676108949103977,0.502909424438079,0.0557992942631244,0.2606043815612793,0.6835963129997253,0.1426394874573238,0.2641076382358385,0.5932528687189021,v2026-10-06,,,,,unknown
2027-02-27,Aston Villa,Chelsea,0.5215045550641212,0.2550281306103393,0.2234673143255393,0.5148800015449524,0.2258345484733581,0.2592854797840118,0.5181922783045367,0.2404313395418487,0.2413763970547756,v2026-10-06,,,,,unknown
2027-02-27,Fulham,Leeds,0.4444458072302383,0.2621869816727844,0.2933672110969771,0.3943954408168793,0.3668448328971863,0.2387597411870956,0.4194206240235588,0.3145159072849853,0.2660634761420364,v2026-10-06,,,,,unknown
2027-02-27,Coventry City,Bournemouth,0.2759619485577387,0.2714967245509492,0.4525413268913119,0.3045746684074402,0.3413958847522735,0.3540294170379638,0.2902683084825894,0.3064463046516114,0.4032853719646379,v2026-10-06,,,,,unknown
2027-02-27,Everton,Nott'm Forest,0.6691295774365675,0.2138995330482764,0.1169708895151559,0.6506903171539307,0.2511239051818847,0.0981857627630233,0.6599099472952491,0.2325117191150806,0.1075783261390896,v2026-10-06,,,,,unknown
2027-02-27,Man United,Arsenal,0.369614539637405,0.2680419535558153,0.3623435068067795,0.1956464201211929,0.231137990951538,0.5732156038284302,0.282630479879299,0.2495899722536767,0.4677795553176048,v2026-10-06,,,,,unknown
2027-02-27,Newcastle,Brentford,0.6066442621791502,0.2247498525480015,0.1686058852728482,0.3876791894435882,0.4045025706291199,0.2078182399272918,0.4971617258113692,0.3146262115885607,0.18821206260007,v2026-10-06,,,,,unknown
2027-02-27,Tottenham,Liverpool,0.2475737248846856,0.2273954266232329,0.5250308484920814,0.1122544109821319,0.2079926282167434,0.6797529458999634,0.1799140679334088,0.2176940274199882,0.6023918971960224,v2026-10-06,,,,,unknown
2027-02-27,Hull City,Man City,0.453188802306628,0.297192099584387,0.2496190981089849,0.4444435834884643,0.2297716587781906,0.3257847428321838,0.4488161928975462,0.2634818791812888,0.2877019204705844,v2026-10-06,,,,,unknown
2027-02-27,Ipswich Town,Brighton,0.2597658307238826,0.2456017409798677,0.4946324282962497,0.0991649329662323,0.189371183514595,0.7114638686180115,0.1794653818450574,0.2174864622472313,0.6030481484571306,v2026-10-06,,,,,unknown
2027-03-03,Brighton,Fulham,0.4569593608871915,0.2749954095737668,0.2680452295390415,0.3329114615917206,0.3176594972610473,0.3494290709495544,0.3949354112394561,0.296327453417407,0.308737150244298,v2026-10-06,,,,,unknown
2027-03-03,Chelsea,Coventry City,0.3988703276797712,0.2860050409034733,0.3151246314167555,0.2935526669025421,0.2265420854091644,0.4799052774906158,0.3462114972911566,0.2562735631563189,0.3975149544536857,v2026-10-06,,,,,unknown
2027-03-03,Arsenal,Crystal Palace,0.7898698862441889,0.1441070328571455,0.0660230808986656,0.6578501462936401,0.2473358958959579,0.0948139131069183,0.7238600162689145,0.1957214643765517,0.080418497002792,v2026-10-06,,,,,unknown
2027-03-03,Bournemouth,Tottenham,0.5395540042988849,0.2537498303762135,0.2066961653249015,0.3690127730369568,0.402028739452362,0.2289585173130035,0.4542833886679208,0.3278892849142878,0.2178273413189525,v2026-10-06,,,,,unknown
2027-03-03,Brentford,Ipswich Town,0.852339299040425,0.1094615684891617,0.038199132470413,0.7987127304077148,0.1501929759979248,0.05109428986907,0.82552601472407,0.1298272722435433,0.0446467111697415,v2026-10-06,,,,,unknown
2027-03-03,Man City,Everton,0.7930071199993548,0.13641538702939,0.0705774929712551,0.7366754412651062,0.1931049674749374,0.0702195987105369,0.7648412806322304,0.1647601772521637,0.070398545840896,v2026-10-06,,,,,unknown
2027-03-03,Nott'm Forest,Newcastle,0.3221003381830306,0.295893745900001,0.3820059159169683,0.1062075570225715,0.2988226413726806,0.5949698090553284,0.2141539476028011,0.2973581936363408,0.4884878624861484,v2026-10-06,,,,,unknown
2027-03-03,Sunderland,Man United,0.2065512642311749,0.2536138723702531,0.539834863398572,0.0614203698933124,0.4291841089725494,0.5093955397605896,0.1339858170622436,0.3413989906714013,0.5246152015795809,v2026-10-06,,,,,unknown
2027-03-03,Leeds,Hull City,0.4811918112825186,0.2676418399405964,0.2511663487768849,0.4904454946517944,0.3031372725963592,0.2064172476530075,0.4858186529671565,0.2853895562684778,0.2287917982149462,v2026-10-06,,,,,unknown
2027-03-03,Liverpool,Aston Villa,0.6929648052725693,0.1952710485502041,0.1117641461772266,0.45494145154953,0.3527690172195434,0.1922895461320877,0.5739531284110497,0.2740200328848738,0.1520268461546571,v2026-10-06,,,,,unknown
2027-03-13,Crystal Palace,Fulham,0.4630219066252757,0.2714655660845006,0.2655125272902237,0.3797595798969269,0.3298851549625397,0.2903553247451782,0.4213907432611012,0.3006753605235202,0.2779339260177009,v2026-10-06,,,,,unknown
2027-03-13,Coventry City,Man City,0.1004341920689761,0.1900847745312024,0.7094810333998214,0.1007207781076431,0.1250144690275192,0.7742647528648376,0.1005774850883096,0.1575496217793608,0.7418728931323295,v2026-10-06,,,,,unknown
2027-03-13,Aston Villa,Hull City,0.3954155620449591,0.2554513989366765,0.3491330390183644,0.3863551914691925,0.2571990191936493,0.3564457893371582,0.3908853767570758,0.2563252090651629,0.3527894141777613,v2026-10-06,,,,,unknown
2027-03-13,Chelsea,Arsenal,0.2365809087368816,0.2469049867249149,0.5165141045382035,0.1496346294879913,0.1556367427110672,0.694728672504425,0.1931077691124364,0.201270864717991,0.6056213885213142,v2026-10-06,,,,,unknown
2027-03-13,Bournemouth,Newcastle,0.6146105253071429,0.2379961910922697,0.1473932836005874,0.5126914978027344,0.3945786952972412,0.0927298292517662,0.5636510115549387,0.3162874431947555,0.1200615564261768,v2026-10-06,,,,,unknown
2027-03-13,Tottenham,Nott'm Forest,0.2762448155236426,0.2353953863304633,0.4883597981458941,0.1079893335700035,0.1896093338727951,0.702401340007782,0.192117074546823,0.2125023601016292,0.595380569076838,v2026-10-06,,,,,unknown
2027-03-13,Leeds,Brighton,0.5830072594435497,0.2421996483440694,0.1747930922123807,0.5413413643836975,0.3208588063716888,0.1377998292446136,0.5621743119136235,0.2815292273578791,0.1562964607284971,v2026-10-06,,,,,unknown
2027-03-13,Liverpool,Ipswich Town,0.885152677163121,0.0854501439648475,0.0293971788720316,0.8113988637924194,0.1404868066310882,0.0481143444776535,0.8482757704777701,0.1129684752979678,0.0387557616748425,v2026-10-06,,,,,unknown
2027-03-13,Sunderland,Brentford,0.445000170799728,0.2791226158381126,0.2758772133621594,0.282805472612381,0.362232893705368,0.354961633682251,0.3639028217060545,0.3206777547717403,0.3154194235222052,v2026-10-06,,,,,unknown
2027-03-13,Man United,Everton,0.6886052703936162,0.184422643876195,0.1269720857301887,0.5653427243232727,0.2881306707859039,0.1465266048908233,0.6269739973584445,0.2362766573310495,0.136749345310506,v2026-10-06,,,,,unknown
2027-03-20,Everton,Tottenham,0.3649904707441656,0.3137804926608756,0.3212290365949587,0.1724184900522232,0.4113338589668274,0.4162476062774658,0.2687044803981944,0.3625571758138515,0.3687383214362122,v2026-10-06,,,,,unknown
2027-03-20,Fulham,Liverpool,0.3394214222317704,0.2536482502121887,0.4069303275560409,0.3321371078491211,0.2025398313999176,0.4653230607509613,0.3357792650404457,0.2280940408060531,0.4361266941535011,v2026-10-06,,,,,unknown
2027-03-20,Arsenal,Sunderland,0.7394940622474668,0.1718596362051774,0.0886463015473558,0.7216168642044067,0.2261316627264022,0.0522514730691909,0.7305554632259368,0.1989956494657898,0.0704488873082734,v2026-10-06,,,,,unknown
2027-03-20,Brentford,Bournemouth,0.6946710936384799,0.1966702665825615,0.1086586397789585,0.7342768907546997,0.2059829086065292,0.0597402229905128,0.7144739921965898,0.2013265875945454,0.0841994313847356,v2026-10-06,,,,,unknown
2027-03-20,Brighton,Coventry City,0.8154002832948257,0.1397555639770107,0.0448441527281634,0.7983922362327576,0.1340923905372619,0.0675153881311416,0.8068962597637916,0.1369239772571363,0.0561797704296525,v2026-10-06,,,,,unknown
2027-03-20,Man City,Man United,0.6166567560925998,0.2132233775940977,0.1701198663133023,0.3909941613674164,0.4391398727893829,0.169865995645523,0.5038254587300082,0.3261816251917403,0.1699929309794127,v2026-10-06,,,,,unknown
2027-03-20,Newcastle,Leeds,0.5558150344672829,0.238075791498896,0.2061091740338211,0.3009411990642547,0.3987480998039245,0.3003106713294983,0.4283781167657688,0.3184119456514103,0.2532099226816597,v2026-10-06,,,,,unknown
2027-03-20,Nott'm Forest,Aston Villa,0.4759219820321326,0.2742314078773363,0.2498466100905311,0.2547180950641632,0.3789555132389068,0.3663264214992523,0.3653200385481479,0.3265934605581215,0.3080865157948917,v2026-10-06,,,,,unknown
2027-03-20,Hull City,Chelsea,0.4454921683136189,0.309724260671554,0.244783571014827,0.4418560862541199,0.3774256706237793,0.1807182729244232,0.4436741272838693,0.3435749656476666,0.2127509219696251,v2026-10-06,,,,,unknown
2027-03-20,Ipswich Town,Crystal Palace,0.2998399429206183,0.27229646830927,0.4278635887701116,0.0825347900390625,0.2444280683994293,0.6730371117591858,0.1911873664798404,0.2583622683543497,0.5504503502646487,v2026-10-06,,,,,unknown
2027-04-10,Chelsea,Fulham,0.5592507422444355,0.2347380558784203,0.2060112018771441,0.5893206596374512,0.245946854352951,0.1647324711084365,0.5742857009409433,0.2403424551156857,0.1853718364927903,v2026-10-06,,,,,unknown
2027-04-10,Aston Villa,Brighton,0.6008907656087228,0.2175973423574755,0.1815118920338016,0.5586320161819458,0.2865058183670044,0.1548622101545334,0.5797613908953343,0.2520515803622399,0.1681870510941675,v2026-10-06,,,,,unknown
2027-04-10,Crystal Palace,Everton,0.1833513924550259,0.2355720406396495,0.5810765669053245,0.0525886714458465,0.2505076825618744,0.6969037055969238,0.1179700319504362,0.2430398616007619,0.6389901362511241,v2026-10-06,,,,,unknown
2027-04-10,Bournemouth,Man City,0.3094562867349333,0.2786643236151964,0.4118793896498703,0.1163786798715591,0.4099608063697815,0.4736604988574981,0.2129174833032462,0.3443125649924889,0.4427699442536842,v2026-10-06,,,,,unknown
2027-04-10,Coventry City,Arsenal,0.1046927613783353,0.1997158856172859,0.6955913530043787,0.1022814065217971,0.1274755895137787,0.7702429890632629,0.1034870839500662,0.1635957375655323,0.7329171710338208,v2026-10-06,,,,,unknown
2027-04-10,Man United,Hull City,0.1476426731182716,0.18884492584387,0.6635124010378584,0.1632654368877411,0.2158215045928955,0.6209130883216858,0.1554540550030063,0.2023332152183827,0.6422127446797721,v2026-10-06,,,,,unknown
2027-04-10,Tottenham,Brentford,0.616251117597258,0.2106635252062129,0.1730853571965289,0.4828328192234039,0.3562721312046051,0.1608950644731521,0.549541968410331,0.283467828205409,0.1669902108348405,v2026-10-06,,,,,unknown
2027-04-10,Sunderland,Ipswich Town,0.145004028149512,0.2177829740771514,0.6372129977733364,0.0840562209486961,0.2449891865253448,0.6709545850753784,0.114530124549104,0.2313860803012481,0.6540837914243574,v2026-10-06,,,,,unknown
2027-04-10,Leeds,Nott'm Forest,0.6291968777214333,0.2192072442638218,0.1515958780147447,0.3921988010406494,0.4232255816459656,0.184575617313385,0.5106978393810413,0.3212164129548937,0.1680857476640648,v2026-10-06,,,,,unknown
2027-04-10,Liverpool,Newcastle,0.7887859021591256,0.1493537982075788,0.0618602996332955,0.8346974849700928,0.1111640110611915,0.0541384555399417,0.8117416935646091,0.1302589046343852,0.0579993775866186,v2026-10-06,,,,,unknown
2027-04-17,Brighton,Chelsea,0.5102590062180555,0.2729563372734417,0.2167846565085026,0.567029595375061,0.1599637567996978,0.2730066180229187,0.5386443007965582,0.2164600470365698,0.2448956372657106,v2026-10-06,,,,,unknown
2027-04-17,Arsenal,Aston Villa,0.5244388711081167,0.2488096763886036,0.2267514525032796,0.3446962535381317,0.3634250164031982,0.2918787598609924,0.4345675623231242,0.3061173463959009,0.259315106182136,v2026-10-06,,,,,unknown
2027-04-17,Fulham,Sunderland,0.5431423869928637,0.2532567816227094,0.2036008313844269,0.5382533669471741,0.3179298639297485,0.1438167542219162,0.5406978769700188,0.2855933227762289,0.1737087928031715,v2026-10-06,,,,,unknown
2027-04-17,Brentford,Leeds,0.5675703939139657,0.2524301613204482,0.179999444765586,0.3417453169822693,0.5189375877380371,0.1393171399831771,0.4546578554481175,0.3856838745292427,0.1596582923743816,v2026-10-06,,,,,unknown
2027-04-17,Everton,Bournemouth,0.3620053887897925,0.2992437752304163,0.3387508359797911,0.1316112428903579,0.4625958800315857,0.4057928621768951,0.2468083158400752,0.380919827631001,0.3722718490783431,v2026-10-06,,,,,unknown
2027-04-17,Man City,Crystal Palace,0.7947717796863063,0.1410099816958266,0.0642182386178671,0.6402856111526489,0.2971504032611847,0.062563955783844,0.7175286954194776,0.2190801924785056,0.0633910972008555,v2026-10-06,,,,,unknown
2027-04-17,Newcastle,Tottenham,0.7352081393632057,0.1748337385007256,0.0899581221360685,0.8400886654853821,0.1084171757102012,0.0514941662549972,0.7876484024242939,0.1416254571054634,0.0707261441955328,v2026-10-06,,,,,unknown
2027-04-17,Nott'm Forest,Liverpool,0.4400726225754449,0.2629095557322966,0.2970178216922585,0.2747448980808258,0.2020837366580963,0.5231713652610779,0.3574087603281354,0.2324966461951964,0.4100945934766682,v2026-10-06,,,,,unknown
2027-04-17,Hull City,Coventry City,0.7119939896898321,0.2112475299012335,0.0767584804089343,0.7658403515815735,0.164508119225502,0.0696514695882797,0.7389171706357027,0.1878778245633677,0.073204974998607,v2026-10-06,,,,,unknown
2027-04-17,Ipswich Town,Man United,0.1661088144487665,0.21611669973353,0.6177744858177033,0.0695979744195938,0.4038388729095459,0.5265631675720215,0.1178533944341801,0.309977786321538,0.5721688266948624,v2026-10-06,,,,,unknown
2027-04-24,Chelsea,Man City,0.2610792901762607,0.2529140505609205,0.4860066592628186,0.1628113240003585,0.2133764028549194,0.6238122582435608,0.2119453070883096,0.2331452267079199,0.5549094587531898,v2026-10-06,,,,,unknown
2027-04-24,Everton,Brighton,0.5724992047044378,0.2597340217438981,0.1677667735516639,0.4741443991661072,0.346126526594162,0.1797290295362472,0.5233218019352726,0.30293027416903,0.1737479015439555,v2026-10-06,,,,,unknown
2027-04-24,Aston Villa,Coventry City,0.4493841693453623,0.2794917241318709,0.2711241065227668,0.295785516500473,0.2801205217838287,0.4240939617156982,0.3725848429229176,0.2798061229578498,0.3476090341192325,v2026-10-06,,,,,unknown
2027-04-24,Bournemouth,Arsenal,0.4878146160006302,0.2716003255199675,0.2405850584794022,0.3376170396804809,0.3778217136859894,0.2845612168312073,0.4127158278405556,0.3247110196029784,0.2625731376553047,v2026-10-06,,,,,unknown
2027-04-24,Brentford,Fulham,0.4475137387870777,0.2852568216032193,0.2672294396097029,0.2868257164955139,0.4848803877830505,0.2282938808202743,0.3671697276412958,0.385068604693135,0.2477616602149886,v2026-10-06,,,,,unknown
2027-04-24,Newcastle,Ipswich Town,0.8611509212003456,0.100089237380382,0.0387598414192723,0.8027735352516174,0.1411332190036773,0.0560931824147701,0.8319622282259815,0.1206112281920297,0.0474265119170212,v2026-10-06,,,,,unknown
2027-04-24,Nott'm Forest,Sunderland,0.4769977025152663,0.2796440627757305,0.2433582347090031,0.2194572240114212,0.4725741446018219,0.3079686462879181,0.3482274632633437,0.3761091036887762,0.2756634404984606,v2026-10-06,,,,,unknown
2027-04-24,Tottenham,Hull City,0.3441384255912572,0.2530495867077547,0.402811987700988,0.4604907929897308,0.2925826013088226,0.2469265460968017,0.402314609290494,0.2728160940082886,0.3248692668988949,v2026-10-06,,,,,unknown
2027-04-24,Leeds,Liverpool,0.5564169989951597,0.2413627986678776,0.2022202023369626,0.5188608765602112,0.2886813879013061,0.1924577206373214,0.5376389377776855,0.2650220932845918,0.197338961487142,v2026-10-06,,,,,unknown
2027-04-24,Man United,Crystal Palace,0.4817911989414367,0.2587035232717276,0.2595052777868356,0.2447416335344314,0.3959766328334808,0.3592817783355713,0.3632664162379341,0.3273400780526042,0.3093935280612034,v2026-10-06,,,,,unknown
2027-05-01,Fulham,Everton,0.3376151491313029,0.2669325970745705,0.3954522537941264,0.1964803785085678,0.2806053757667541,0.5229142308235168,0.2670477638199353,0.2737689864206624,0.4591832423088217,v2026-10-06,,,,,unknown
2027-05-01,Crystal Palace,Aston Villa,0.4731710378081549,0.2717005921975034,0.2551283699943417,0.3474750518798828,0.2785561978816986,0.3739687800407409,0.4103230448440188,0.275128395039601,0.3145485750175413,v2026-10-06,,,,,unknown
2027-05-01,Arsenal,Tottenham,0.791852264680441,0.1407268486647105,0.0674208866548483,0.8410780429840088,0.0991889461874961,0.0597329922020435,0.816465153832225,0.1199578974261033,0.0635769394284459,v2026-10-06,,,,,unknown
2027-05-01,Coventry City,Man United,0.2760150925620533,0.2785651103471238,0.4454197970908228,0.2715870141983032,0.4098610579967499,0.3185519278049469,0.2738010533801783,0.3442130841719368,0.3819858624478848,v2026-10-06,,,,,unknown
2027-05-01,Brighton,Nott'm Forest,0.7029544143592511,0.1863544989345117,0.1106910867062371,0.7797335982322693,0.1493858844041824,0.0708804875612258,0.7413440062957601,0.167870191669347,0.0907857871337315,v2026-10-06,,,,,unknown
2027-05-01,Man City,Brentford,0.8642430639062645,0.0959586590813255,0.03979827701241,0.7239158749580383,0.2263263761997223,0.0497577935457229,0.7940794694321514,0.1611425176405239,0.0447780352790664,v2026-10-06,,,,,unknown
2027-05-01,Hull City,Bournemouth,0.4102960331804849,0.2925841367123905,0.2971198301071245,0.3118271827697754,0.4720603227615356,0.2161125689744949,0.3610616079751301,0.382322229736963,0.2566161995408097,v2026-10-06,,,,,unknown
2027-05-01,Ipswich Town,Leeds,0.4075318747407952,0.2642779633612681,0.3281901618979366,0.2548296749591827,0.4220430552959442,0.3231272399425506,0.331180774849989,0.3431605093286062,0.3256587009202436,v2026-10-06,,,,,unknown
2027-05-01,Sunderland,Newcastle,0.6875441414044305,0.2078584361134887,0.1045974224820807,0.7605411410331726,0.1242680475115776,0.1151908487081527,0.7240426412188016,0.1660632418125331,0.1098941355951167,v2026-10-06,,,,,unknown
2027-05-01,Liverpool,Chelsea,0.5888231694170828,0.2465107912176451,0.164666039365272,0.5458948016166687,0.2964740395545959,0.1576311737298965,0.5673589855168757,0.2714924153861205,0.1611486065475843,v2026-10-06,,,,,unknown
2027-05-08,Bournemouth,Man United,0.5485687726232544,0.2486539238420363,0.2027773035347092,0.1962222605943679,0.7098955512046814,0.0938821658492088,0.3723955166088112,0.4792747375233589,0.148329734691959,v2026-10-06,,,,,unknown
2027-05-08,Brentford,Aston Villa,0.4949266696016647,0.2777823882824266,0.2272909421159087,0.3729025423526764,0.335964560508728,0.2911329269409179,0.4339146059771706,0.3068734743955773,0.2592119345284133,v2026-10-06,,,,,unknown
2027-05-08,Brighton,Sunderland,0.7141900047925764,0.1925994264508211,0.0932105687566024,0.7807509899139404,0.1707250773906707,0.0485239066183567,0.7474704973532584,0.1816622519207459,0.0708672376874795,v2026-10-06,,,,,unknown
2027-05-08,Everton,Hull City,0.4265068423518589,0.2957626856720841,0.277730471976057,0.3392216861248016,0.3885741531848907,0.27220419049263,0.3828642642383303,0.3421684194284874,0.2749673312343435,v2026-10-06,,,,,unknown
2027-05-08,Fulham,Ipswich Town,0.45163099966956,0.2573993273870089,0.290969672943431,0.4811925292015075,0.1854091733694076,0.3333983719348907,0.4664117644355338,0.2214042503782082,0.3121840224391609,v2026-10-06,,,,,unknown
2027-05-08,Leeds,Arsenal,0.2565710243204667,0.2866519965279687,0.4567769791515646,0.2233019471168518,0.3939512968063354,0.3827467858791351,0.2399364857186592,0.340301646667152,0.4197618825153498,v2026-10-06,,,,,unknown
2027-05-08,Man City,Liverpool,0.575463955098632,0.2166425836814382,0.2078934612199297,0.4886365234851837,0.2355504184961319,0.2758130729198456,0.5320502392919079,0.2260965010887851,0.2418532670698876,v2026-10-06,,,,,unknown
2027-05-08,Newcastle,Coventry City,0.527954099492947,0.273068288714862,0.1989776117921909,0.4188375771045685,0.3672056198120117,0.2139567583799362,0.4733958382987577,0.3201369542634368,0.2064671850860635,v2026-10-06,,,,,unknown
2027-05-08,Nott'm Forest,Crystal Palace,0.5436282449898658,0.265371216887795,0.1910005381223391,0.2051365375518798,0.4633839428424835,0.331479549407959,0.3743823912708728,0.3643775798651393,0.2612400437651491,v2026-10-06,,,,,unknown
2027-05-08,Tottenham,Chelsea,0.132380167404598,0.1953615355552353,0.6722582970401668,0.1149308755993843,0.187236487865448,0.6978326439857483,0.1236555215019911,0.1912990117103416,0.6850454705129576,v2026-10-06,,,,,unknown
2027-05-15,Arsenal,Nott'm Forest,0.7268567195665654,0.1676102258775328,0.1055330545559017,0.7412003874778748,0.1797356307506561,0.0790640041232109,0.7340285535222201,0.1736729283140944,0.0922985293395563,v2026-10-06,,,,,unknown
2027-05-15,Aston Villa,Newcastle,0.4050405675744183,0.2732936238687065,0.321665808556875,0.3425418138504028,0.2194687128067016,0.4379895031452179,0.3737911907124105,0.2463811683377041,0.3798276558510465,v2026-10-06,,,,,unknown
2027-05-15,Chelsea,Everton,0.4835659578823021,0.250453820234537,0.2659802218831607,0.3419083952903747,0.3389790058135986,0.3191125988960266,0.4127371765863384,0.2947164130240678,0.2925464103895936,v2026-10-06,,,,,unknown
2027-05-15,Coventry City,Tottenham,0.322740329519505,0.2922758344338791,0.3849838360466157,0.4458987712860107,0.1996827572584152,0.3544184863567352,0.3843195504027579,0.2459792958461472,0.3697011612016754,v2026-10-06,,,,,unknown
2027-05-15,Crystal Palace,Brighton,0.50468975745363,0.2541142315850875,0.2411960109612826,0.4648507833480835,0.188076764345169,0.3470723927021026,0.4847702704008567,0.2210954979651282,0.2941342018316926,v2026-10-06,,,,,unknown
2027-05-15,Hull City,Fulham,0.4543479763456226,0.2976830337934711,0.2479689898609062,0.2986356317996979,0.5707159638404846,0.1306484192609787,0.3764918040726602,0.4341994988169778,0.1893087045609424,v2026-10-06,,,,,unknown
2027-05-15,Ipswich Town,Man City,0.1358027042459029,0.2026904334117601,0.6615068623423368,0.1188567578792572,0.1796372681856155,0.7015059590339661,0.12732973106258,0.1911638507986878,0.6815064106881514,v2026-10-06,,,,,unknown
2027-05-15,Liverpool,Brentford,0.7954280379376384,0.1403638847862415,0.06420807727612,0.7132322788238525,0.2365797609090805,0.0501879751682281,0.7543301583807455,0.188471822847661,0.0571980262221741,v2026-10-06,,,,,unknown
2027-05-15,Man United,Leeds,0.3561697663278531,0.2506848137594256,0.3931454199127212,0.0901694148778915,0.3194387257099151,0.5903918743133545,0.2231695906028723,0.2850617697346703,0.4917686471130378,v2026-10-06,,,,,unknown
2027-05-15,Sunderland,Bournemouth,0.5156786221813033,0.262763054015397,0.2215583238032995,0.715836763381958,0.1825765073299408,0.1015867739915847,0.6157576927816306,0.2226697806726689,0.1615725488974421,v2026-10-06,,,,,unknown
2027-05-23,Brentford,Hull City,0.4935642786683515,0.2713815358714005,0.2350541854602479,0.5788031816482544,0.2817820012569427,0.1394148617982864,0.536183730158303,0.2765817685641716,0.1872345236292671,v2026-10-06,,,,,unknown
2027-05-23,Fulham,Coventry City,0.4196956195034189,0.2933547130638576,0.2869496674327234,0.4562487006187439,0.2123512029647827,0.331400066614151,0.4379721600610814,0.2528529580143202,0.3091748670234372,v2026-10-06,,,,,unknown
2027-05-23,Brighton,Liverpool,0.5230252334837311,0.2485869490361034,0.2283878174801654,0.5796652436256409,0.158522143959999,0.2618126273155212,0.551345238554686,0.2035545464980512,0.2451002223978433,v2026-10-06,,,,,unknown
2027-05-23,Everton,Arsenal,0.3045211630421293,0.3188945966368133,0.3765842403210575,0.1236838996410369,0.3758807480335235,0.5004352927207947,0.2141025313415831,0.3473876723351684,0.4385097665209261,v2026-10-06,,,,,unknown
2027-05-23,Bournemouth,Chelsea,0.3697519926179457,0.288491233960678,0.3417567734213762,0.1636890470981598,0.4343704283237457,0.4019405543804168,0.2667205198580528,0.3614308311422118,0.3718486639008965,v2026-10-06,,,,,unknown
2027-05-23,Leeds,Sunderland,0.3787568006953778,0.2928508847322927,0.3283923145723295,0.1026503518223762,0.5043433308601379,0.3930063247680664,0.240703576258877,0.3985971077962154,0.3606993196701979,v2026-10-06,,,,,unknown
2027-05-23,Man City,Aston Villa,0.4455211203988113,0.2576871514747031,0.2967917281264853,0.1976973116397857,0.3264616429805755,0.4758410155773163,0.3216092160192986,0.2920743972276394,0.3863163718519008,v2026-10-06,,,,,unknown
2027-05-23,Tottenham,Man United,0.4824150209777878,0.249567642676966,0.2680173363452462,0.3324617743492126,0.5134956240653992,0.1540425568819046,0.4074383976635002,0.3815316333711825,0.2110299466135754,v2026-10-06,,,,,unknown
2027-05-23,Newcastle,Crystal Palace,0.6115397776014367,0.2337692335467642,0.154690988851799,0.3277938663959503,0.4623133838176727,0.2098927795886993,0.4696668219986935,0.3480413086822185,0.1822918842202491,v2026-10-06,,,,,unknown
2027-05-23,Nott'm Forest,Ipswich Town,0.8090842723923941,0.134666360538078,0.0562493670695278,0.7482129335403442,0.1588882952928543,0.092898778617382,0.7786486029663692,0.1467773279154661,0.0745740728434549,v2026-10-06,,,,,unknown
2027-05-30,Hull City,Newcastle,0.1776711106941562,0.2708192740810513,0.5515096152247925,0.1270253956317901,0.2807026505470276,0.5922719240188599,0.1523482531629731,0.2757609623140394,0.5718907696218262,v2026-10-06,,,,,unknown
2027-05-30,Ipswich Town,Everton,0.2103362651279978,0.2373769991050386,0.5522867357669635,0.0618449747562408,0.2749795317649841,0.6631755232810974,0.1360906199421193,0.2561782654350114,0.6077311295240304,v2026-10-06,,,,,unknown
2027-05-30,Liverpool,Bournemouth,0.7780321596844307,0.1487406635170212,0.0732271767985481,0.7619855403900146,0.1869542002677917,0.0510602816939353,0.7700088500372226,0.1678474318924064,0.0621437292462417,v2026-10-06,,,,,unknown
2027-05-30,Man United,Fulham,0.6828486451965314,0.1918705379036005,0.125280816899868,0.6191838979721069,0.3154007196426391,0.0654153972864151,0.6510162715843192,0.2536356287731198,0.0953481070931415,v2026-10-06,,,,,unknown
2027-05-30,Arsenal,Brighton,0.7048033333383283,0.1792158691209305,0.115980797540741,0.7316739559173584,0.1826044470071792,0.0857216194272041,0.7182386446278434,0.1809101580640549,0.1008512084839725,v2026-10-06,,,,,unknown
2027-05-30,Aston Villa,Tottenham,0.5212556593048884,0.2473462241187343,0.2313981165763774,0.3851658403873443,0.2204562872648239,0.3943778872489929,0.4532107498461163,0.2339012556917791,0.3128880019126852,v2026-10-06,,,,,unknown
2027-05-30,Chelsea,Brentford,0.4559545622426465,0.2483996396377974,0.295645798119556,0.2768169045448303,0.2800116837024688,0.443171352148056,0.3663857333937384,0.2642056616701331,0.369408575133806,v2026-10-06,,,,,unknown
2027-05-30,Coventry City,Nott'm Forest,0.6076487875685266,0.2288907521943083,0.163460460237165,0.7148680686950684,0.1580904722213745,0.1270414441823959,0.6612584281317975,0.1934906122078414,0.1452509522097804,v2026-10-06,,,,,unknown
2027-05-30,Crystal Palace,Leeds,0.2782950798432205,0.2668716576924335,0.4548332624643459,0.0786777213215828,0.2735566794872284,0.647765576839447,0.1784864005824016,0.2702141685898309,0.5512994196518965,v2026-10-06,,,,,unknown
2027-05-30,Sunderland,Man City,0.2103213068859802,0.2626924223943231,0.5269862707196966,0.102210097014904,0.2007735520601272,0.6970162987709045,0.1562657019504421,0.2317329872272252,0.6120012847453006,v2026-10-06,,,,,unknown
