player,team,fixture_id,home,away,date,per90,x_minutes,team_xg,prob
Raphinha,Barcelona,laliga-2026-2026-10-10-barcelona-v-getafe,Barcelona,Getafe,2026-10-10,1.946,79.3,2.4,0.7345
Ferran Torres,Paris SG,ligue1-2026-2026-10-10-paris-sg-v-le-mans,Paris SG,Le Mans,2026-10-10,1.429,84.0,3.19,0.634
Mbappé,Real Madrid,laliga-2026-2026-10-10-real-madrid-v-villarreal,Real Madrid,Villarreal,2026-10-10,1.0,90.0,2.53,0.6211
Lamine Yamal,Barcelona,laliga-2026-2026-10-10-barcelona-v-getafe,Barcelona,Getafe,2026-10-10,1.084,83.0,2.4,0.5839
L. Martínez,Inter,seriea-2026-2026-10-10-inter-v-parma,Inter,Parma,2026-10-10,1.037,86.8,2.49,0.5669
Marcos Aoas Correa,Paris SG,ligue1-2026-2026-10-10-paris-sg-v-le-mans,Paris SG,Le Mans,2026-10-10,0.6,90.0,3.19,0.535
Haaland,Man City,pl-2026-2026-10-11-liverpool-v-man-city,Liverpool,Man City,2026-10-11,1.0,90.0,1.34,0.4672
Amine Gouiri,Marseille,ligue1-2026-2026-10-11-troyes-v-marseille,Troyes,Marseille,2026-10-11,0.804,89.6,2.18,0.4652
B.Fernandes,Man United,pl-2026-2026-10-10-man-united-v-tottenham,Man United,Tottenham,2026-10-10,0.6,90.0,1.8,0.454
Saka,Arsenal,pl-2026-2026-10-10-arsenal-v-leeds,Arsenal,Leeds,2026-10-10,0.649,83.2,1.87,0.4498
Fermin,Barcelona,laliga-2026-2026-10-10-barcelona-v-getafe,Barcelona,Getafe,2026-10-10,0.805,74.5,2.4,0.4383
João Pedro,Chelsea,pl-2026-2026-10-10-chelsea-v-bournemouth,Chelsea,Bournemouth,2026-10-10,0.75,90.0,1.83,0.4095
Frattesi,Lazio,seriea-2026-2026-10-11-lazio-v-monza,Lazio,Monza,2026-10-11,0.644,83.8,2.04,0.4057
Paris Brunner,Monaco,ligue1-2026-2026-10-10-monaco-v-toulouse,Monaco,Toulouse,2026-10-10,0.923,78.0,1.95,0.399
Zabiri,Santander,laliga-2026-2026-10-11-santander-v-valencia,Santander,Valencia,2026-10-11,1.399,55.1,2.03,0.3966
Palmer,Chelsea,pl-2026-2026-10-10-chelsea-v-bournemouth,Chelsea,Bournemouth,2026-10-10,0.407,88.4,1.83,0.3848
Bellingham,Real Madrid,laliga-2026-2026-10-10-real-madrid-v-villarreal,Real Madrid,Villarreal,2026-10-10,0.51,75.6,2.53,0.3841
Rogers,Chelsea,pl-2026-2026-10-10-chelsea-v-bournemouth,Chelsea,Bournemouth,2026-10-10,0.618,87.4,1.83,0.3825
Isak,Liverpool,pl-2026-2026-10-11-liverpool-v-man-city,Liverpool,Man City,2026-10-11,0.872,82.6,1.47,0.3604
Vitor Machado Ferreira,Paris SG,ligue1-2026-2026-10-10-paris-sg-v-le-mans,Paris SG,Le Mans,2026-10-10,0.21,85.8,3.19,0.3591
M. Thuram,Inter,seriea-2026-2026-10-10-inter-v-parma,Inter,Parma,2026-10-10,0.732,61.5,2.49,0.3497
Kamory Doumbia,Brest,ligue1-2026-2026-10-10-brest-v-angers,Brest,Angers,2026-10-10,0.885,81.4,1.57,0.344
Malen,Roma,seriea-2026-2026-10-11-como-v-roma,Como,Roma,2026-10-11,1.513,71.4,1.14,0.3398
P. Esposito,Inter,seriea-2026-2026-10-10-inter-v-parma,Inter,Parma,2026-10-10,0.581,62.0,2.49,0.3369
Willock,Newcastle,pl-2026-2026-10-12-coventry-city-v-newcastle,Coventry City,Newcastle,2026-10-12,0.634,90.0,1.64,0.3316
Bruno G.,Arsenal,pl-2026-2026-10-10-arsenal-v-leeds,Arsenal,Leeds,2026-10-10,0.732,90.0,1.87,0.329
Havertz,Arsenal,pl-2026-2026-10-10-arsenal-v-leeds,Arsenal,Leeds,2026-10-10,0.412,87.4,1.87,0.3265
Barella,Inter,seriea-2026-2026-10-10-inter-v-parma,Inter,Parma,2026-10-10,0.186,90.0,2.49,0.3235
Estéban Lepaul,Rennes,ligue1-2026-2026-10-11-rennes-v-auxerre,Rennes,Auxerre,2026-10-11,0.718,75.2,1.84,0.3233
Mbeumo,Man United,pl-2026-2026-10-10-man-united-v-tottenham,Man United,Tottenham,2026-10-10,0.4,90.0,1.8,0.3211
R. Brugué,Levante,laliga-2026-2026-10-12-levante-v-sevilla,Levante,Sevilla,2026-10-12,0.608,88.8,1.61,0.3196
Camello,Rayo Vallecano,laliga-2026-2026-10-10-rayo-vallecano-v-ath-bilbao,Rayo Vallecano,Ath Bilbao,2026-10-10,1.34,67.1,1.2,0.319
Nuno Mendes,Paris SG,ligue1-2026-2026-10-10-paris-sg-v-le-mans,Paris SG,Le Mans,2026-10-10,0.0,90.0,3.19,0.3181
Franjo Ivanovic,Lens,ligue1-2026-2026-10-09-lens-v-lyon,Lens,Lyon,2026-10-09,1.0,90.0,1.57,0.3145
Florian Thauvin,Lens,ligue1-2026-2026-10-09-lens-v-lyon,Lens,Lyon,2026-10-09,0.6,90.0,1.57,0.3145
Çalhanoğlu,Inter,seriea-2026-2026-10-10-inter-v-parma,Inter,Parma,2026-10-10,1.216,49.3,2.49,0.3144
Manzambi,Aston Villa,pl-2026-2026-10-10-aston-villa-v-brentford,Aston Villa,Brentford,2026-10-10,0.918,90.0,1.72,0.3134
Éderson,Atalanta,seriea-2026-2026-10-12-atalanta-v-venezia,Atalanta,Venezia,2026-10-12,0.206,87.4,2.38,0.3128
F. Niño,Elche,laliga-2026-2026-10-11-elche-v-celta,Elche,Celta,2026-10-11,0.957,67.1,1.5,0.3114
Groß,Brighton,pl-2026-2026-10-10-sunderland-v-brighton,Sunderland,Brighton,2026-10-10,0.6,90.0,1.11,0.3107
Elanga,Newcastle,pl-2026-2026-10-12-coventry-city-v-newcastle,Coventry City,Newcastle,2026-10-12,0.776,77.3,1.64,0.3038
Ødegaard,Arsenal,pl-2026-2026-10-10-arsenal-v-leeds,Arsenal,Leeds,2026-10-10,0.477,75.4,1.87,0.3003
Zieliński,Inter,seriea-2026-2026-10-10-inter-v-parma,Inter,Parma,2026-10-10,0.243,74.0,2.49,0.2956
Tiago Santos,Lille,ligue1-2026-2026-10-10-lille-v-le-havre,Lille,Le Havre,2026-10-10,0.4,90.0,1.77,0.2888
Aubameyang,La Coruna,laliga-2026-2026-10-11-real-sociedad-v-la-coruna,Real Sociedad,La Coruna,2026-10-11,0.804,80.0,1.23,0.2886
Roberto,Espanyol,laliga-2026-2026-10-09-malaga-v-espanyol,Malaga,Espanyol,2026-10-09,0.881,87.6,1.01,0.288
Cherki,Man City,pl-2026-2026-10-11-liverpool-v-man-city,Liverpool,Man City,2026-10-11,0.894,75.5,1.34,0.2875
Sucic,Real Sociedad,laliga-2026-2026-10-11-real-sociedad-v-la-coruna,Real Sociedad,La Coruna,2026-10-11,0.49,78.7,1.65,0.2763
Lassine Sinayoko,Paris FC,ligue1-2026-2026-10-10-lorient-v-paris-fc,Lorient,Paris FC,2026-10-10,0.828,87.0,1.15,0.2758
Buendía,Aston Villa,pl-2026-2026-10-10-aston-villa-v-brentford,Aston Villa,Brentford,2026-10-10,0.224,80.2,1.72,0.2748
Zaccagni,Lazio,seriea-2026-2026-10-11-lazio-v-monza,Lazio,Monza,2026-10-11,0.187,90.0,2.04,0.274
Mayol,Valencia,laliga-2026-2026-10-11-santander-v-valencia,Santander,Valencia,2026-10-11,0.5,90.0,1.76,0.2732
Rowe,Atalanta,seriea-2026-2026-10-12-atalanta-v-venezia,Atalanta,Venezia,2026-10-12,0.0,90.0,2.38,0.2726
King,Fulham,pl-2026-2026-10-10-ipswich-town-v-fulham,Ipswich Town,Fulham,2026-10-10,0.424,85.0,1.53,0.2721
Pierre-Emile Højbjerg,Marseille,ligue1-2026-2026-10-11-troyes-v-marseille,Troyes,Marseille,2026-10-11,0.2,90.0,2.18,0.2694
Schade,Brentford,pl-2026-2026-10-10-aston-villa-v-brentford,Aston Villa,Brentford,2026-10-10,0.604,89.4,1.17,0.2686
Sergio,Real Madrid,laliga-2026-2026-10-10-real-madrid-v-villarreal,Real Madrid,Villarreal,2026-10-10,0.789,57.0,2.53,0.2659
Dilane Bakwa,Lille,ligue1-2026-2026-10-10-lille-v-le-havre,Lille,Le Havre,2026-10-10,0.52,86.5,1.77,0.2658
Andrés,Santander,laliga-2026-2026-10-11-santander-v-valencia,Santander,Valencia,2026-10-11,0.377,79.7,2.03,0.2658
Raimondo,Frosinone,seriea-2026-2026-10-10-napoli-v-frosinone,Napoli,Frosinone,2026-10-10,0.796,90.0,0.95,0.2618
Brobbey,Sunderland,pl-2026-2026-10-10-sunderland-v-brighton,Sunderland,Brighton,2026-10-10,0.677,79.8,1.22,0.2615
Vini Jr.,Real Madrid,laliga-2026-2026-10-10-real-madrid-v-villarreal,Real Madrid,Villarreal,2026-10-10,0.159,80.7,2.53,0.2614
Ayase Ueda,Lille,ligue1-2026-2026-10-10-lille-v-le-havre,Lille,Le Havre,2026-10-10,0.928,64.7,1.77,0.2607
Noslin,Lazio,seriea-2026-2026-10-11-lazio-v-monza,Lazio,Monza,2026-10-11,0.891,50.5,2.04,0.2594
Neto,Chelsea,pl-2026-2026-10-10-chelsea-v-bournemouth,Chelsea,Bournemouth,2026-10-10,0.271,83.0,1.83,0.2578
Gonzalo,Fulham,pl-2026-2026-10-10-ipswich-town-v-fulham,Ipswich Town,Fulham,2026-10-10,0.212,85.0,1.53,0.2575
Szoboszlai,Liverpool,pl-2026-2026-10-11-liverpool-v-man-city,Liverpool,Man City,2026-10-11,0.205,88.0,1.47,0.2529
Ousmane Dembele,Paris SG,ligue1-2026-2026-10-10-paris-sg-v-le-mans,Paris SG,Le Mans,2026-10-10,0.0,70.3,3.19,0.2524
Lucas Boyé,Alaves,laliga-2026-2026-10-10-alaves-v-ath-madrid,Alaves,Ath Madrid,2026-10-10,0.744,80.7,1.14,0.2514
Ethan Mbappe,Lille,ligue1-2026-2026-10-10-lille-v-le-havre,Lille,Le Havre,2026-10-10,0.342,87.7,1.77,0.251
Tavernier,Bournemouth,pl-2026-2026-10-10-chelsea-v-bournemouth,Chelsea,Bournemouth,2026-10-10,0.637,84.8,1.12,0.2509
Désiré Doue,Paris SG,ligue1-2026-2026-10-10-paris-sg-v-le-mans,Paris SG,Le Mans,2026-10-10,0.0,75.2,3.19,0.2502
Semenyo,Man City,pl-2026-2026-10-11-liverpool-v-man-city,Liverpool,Man City,2026-10-11,0.4,90.0,1.34,0.2501
Álex B.,Ath Madrid,laliga-2026-2026-10-10-alaves-v-ath-madrid,Alaves,Ath Madrid,2026-10-10,0.791,65.0,1.38,0.2494
Diouf,Inter,seriea-2026-2026-10-10-inter-v-parma,Inter,Parma,2026-10-10,0.0,90.0,2.49,0.2475
Fabian Ruiz,Paris SG,ligue1-2026-2026-10-10-paris-sg-v-le-mans,Paris SG,Le Mans,2026-10-10,0.0,73.5,3.19,0.2464
Olivier Giroud,Lille,ligue1-2026-2026-10-10-lille-v-le-havre,Lille,Le Havre,2026-10-10,0.353,85.0,1.77,0.2458
Eric Dier,Monaco,ligue1-2026-2026-10-10-monaco-v-toulouse,Monaco,Toulouse,2026-10-10,0.2,90.0,1.95,0.2447
Stanis Idumbo,Monaco,ligue1-2026-2026-10-10-monaco-v-toulouse,Monaco,Toulouse,2026-10-10,0.277,81.2,1.95,0.2436
Keyliane Abdallah,Marseille,ligue1-2026-2026-10-11-troyes-v-marseille,Troyes,Marseille,2026-10-11,0.744,60.5,2.18,0.2434
Flávio Nazinho,Monaco,ligue1-2026-2026-10-10-monaco-v-toulouse,Monaco,Toulouse,2026-10-10,0.205,88.0,1.95,0.2415
Angel Gomes,Marseille,ligue1-2026-2026-10-11-troyes-v-marseille,Troyes,Marseille,2026-10-11,0.242,74.4,2.18,0.2407
Mastantuono,Fiorentina,seriea-2026-2026-10-10-genoa-v-fiorentina,Genoa,Fiorentina,2026-10-10,0.677,79.8,1.11,0.2405
Khvicha Kvaratskhelia,Paris SG,ligue1-2026-2026-10-10-paris-sg-v-le-mans,Paris SG,Le Mans,2026-10-10,0.0,70.8,3.19,0.2403
Cunha,Man United,pl-2026-2026-10-10-man-united-v-tottenham,Man United,Tottenham,2026-10-10,0.221,81.4,1.8,0.2377
Henderson,Chelsea,pl-2026-2026-10-10-chelsea-v-bournemouth,Chelsea,Bournemouth,2026-10-10,0.0,90.0,1.83,0.2352
Samardžić,Atalanta,seriea-2026-2026-10-12-atalanta-v-venezia,Atalanta,Venezia,2026-10-12,0.328,54.8,2.38,0.235
Sebastian Szymanski,Rennes,ligue1-2026-2026-10-11-rennes-v-auxerre,Rennes,Auxerre,2026-10-11,0.396,75.7,1.84,0.2343
Pedri,Barcelona,laliga-2026-2026-10-10-barcelona-v-getafe,Barcelona,Getafe,2026-10-10,0.179,71.7,2.4,0.2341
Mika Godts,Paris SG,ligue1-2026-2026-10-10-paris-sg-v-le-mans,Paris SG,Le Mans,2026-10-10,0.0,59.0,3.19,0.2338
Moreira,Milan,seriea-2026-2026-10-11-sassuolo-v-milan,Sassuolo,Milan,2026-10-11,1.957,46.0,1.49,0.2336
Barnes,Newcastle,pl-2026-2026-10-12-coventry-city-v-newcastle,Coventry City,Newcastle,2026-10-12,0.2,90.0,1.64,0.2328
Munoz,Liverpool,pl-2026-2026-10-11-liverpool-v-man-city,Liverpool,Man City,2026-10-11,0.35,85.7,1.47,0.2313
C. Adams,Torino,seriea-2026-2026-10-12-torino-v-udinese,Torino,Udinese,2026-10-12,0.861,69.7,1.3,0.2313
Højlund,Napoli,seriea-2026-2026-10-10-napoli-v-frosinone,Napoli,Frosinone,2026-10-10,0.48,75.0,1.39,0.2312
Scamacca,Atalanta,seriea-2026-2026-10-12-atalanta-v-venezia,Atalanta,Venezia,2026-10-12,0.337,53.4,2.38,0.231
Barco,Chelsea,pl-2026-2026-10-10-chelsea-v-bournemouth,Chelsea,Bournemouth,2026-10-10,0.0,90.0,1.83,0.2302
Wissa,Newcastle,pl-2026-2026-10-12-coventry-city-v-newcastle,Coventry City,Newcastle,2026-10-12,0.204,88.2,1.64,0.23
Clarke,Ipswich Town,pl-2026-2026-10-10-ipswich-town-v-fulham,Ipswich Town,Fulham,2026-10-10,0.529,85.0,1.09,0.23
C. Hernández,Betis,laliga-2026-2026-10-11-betis-v-osasuna,Betis,Osasuna,2026-10-11,0.405,63.4,1.89,0.2283
Valentin Rongier,Rennes,ligue1-2026-2026-10-11-rennes-v-auxerre,Rennes,Auxerre,2026-10-11,0.207,86.8,1.84,0.228
Varela,Monza,seriea-2026-2026-10-11-lazio-v-monza,Lazio,Monza,2026-10-11,1.011,89.0,0.75,0.2269
Rabiot,Milan,seriea-2026-2026-10-11-sassuolo-v-milan,Sassuolo,Milan,2026-10-11,0.549,65.6,1.49,0.2263
Dia,Lazio,seriea-2026-2026-10-11-lazio-v-monza,Lazio,Monza,2026-10-11,0.0,83.5,2.04,0.2261
Cisse,Milan,seriea-2026-2026-10-11-sassuolo-v-milan,Sassuolo,Milan,2026-10-11,0.738,61.0,1.49,0.2259
Cancellieri,Lazio,seriea-2026-2026-10-11-lazio-v-monza,Lazio,Monza,2026-10-11,0.286,63.0,2.04,0.2249
Ismaëlo Ganiou,Lens,ligue1-2026-2026-10-09-lens-v-lyon,Lens,Lyon,2026-10-09,0.347,86.3,1.57,0.2236
Gakpo,Liverpool,pl-2026-2026-10-11-liverpool-v-man-city,Liverpool,Man City,2026-10-11,0.243,90.0,1.47,0.2225
Kostoulas,Brighton,pl-2026-2026-10-10-sunderland-v-brighton,Sunderland,Brighton,2026-10-10,0.51,88.2,1.11,0.2224
Janelt,Brentford,pl-2026-2026-10-10-aston-villa-v-brentford,Aston Villa,Brentford,2026-10-10,0.4,90.0,1.17,0.2222
N.Jackson,Aston Villa,pl-2026-2026-10-10-aston-villa-v-brentford,Aston Villa,Brentford,2026-10-10,0.315,71.5,1.72,0.2222
J.david,Ath Madrid,laliga-2026-2026-10-10-alaves-v-ath-madrid,Alaves,Ath Madrid,2026-10-10,1.688,53.3,1.38,0.2218
Ekkelenkamp,Udinese,seriea-2026-2026-10-12-torino-v-udinese,Torino,Udinese,2026-10-12,0.39,90.0,1.18,0.2216
Enzo,Man City,pl-2026-2026-10-11-liverpool-v-man-city,Liverpool,Man City,2026-10-11,0.332,90.0,1.34,0.2203
Palacios,Fulham,pl-2026-2026-10-10-ipswich-town-v-fulham,Ipswich Town,Fulham,2026-10-10,0.398,75.3,1.53,0.22
Przemyslaw Frankowski,Rennes,ligue1-2026-2026-10-11-rennes-v-auxerre,Rennes,Auxerre,2026-10-11,0.22,81.8,1.84,0.22
Kvernadze,Frosinone,seriea-2026-2026-10-10-napoli-v-frosinone,Napoli,Frosinone,2026-10-10,0.566,90.0,0.95,0.2199
Raspadori,Atalanta,seriea-2026-2026-10-12-atalanta-v-venezia,Atalanta,Venezia,2026-10-12,0.479,47.0,2.38,0.2196
Gaetano,Atalanta,seriea-2026-2026-10-12-atalanta-v-venezia,Atalanta,Venezia,2026-10-12,0.0,78.5,2.38,0.2192
Yalcouyé,Brighton,pl-2026-2026-10-10-sunderland-v-brighton,Sunderland,Brighton,2026-10-10,0.763,78.7,1.11,0.2191
Lavia,Chelsea,pl-2026-2026-10-10-chelsea-v-bournemouth,Chelsea,Bournemouth,2026-10-10,0.349,64.5,1.83,0.2184
Cameron Archer,Auxerre,ligue1-2026-2026-10-11-rennes-v-auxerre,Rennes,Auxerre,2026-10-11,1.063,84.7,0.93,0.2173
Osmajić,Genoa,seriea-2026-2026-10-10-genoa-v-fiorentina,Genoa,Fiorentina,2026-10-10,0.554,81.2,1.14,0.2154
Mandragora,Torino,seriea-2026-2026-10-12-torino-v-udinese,Torino,Udinese,2026-10-12,0.32,90.0,1.3,0.2128
Andrés,Brighton,pl-2026-2026-10-10-sunderland-v-brighton,Sunderland,Brighton,2026-10-10,0.826,90.0,1.11,0.2125
Strand Larsen,Crystal Palace,pl-2026-2026-10-11-crystal-palace-v-nott-m-forest,Crystal Palace,Nott'm Forest,2026-10-11,0.302,90.0,1.31,0.2114
Gonçalo Ramos,Milan,seriea-2026-2026-10-11-sassuolo-v-milan,Sassuolo,Milan,2026-10-11,0.191,90.0,1.49,0.2104
Adrien Thomasson,Rennes,ligue1-2026-2026-10-11-rennes-v-auxerre,Rennes,Auxerre,2026-10-11,0.241,74.6,1.84,0.2079
Thiago,Brentford,pl-2026-2026-10-10-aston-villa-v-brentford,Aston Villa,Brentford,2026-10-10,0.204,88.4,1.17,0.2077
Belahyane,Lazio,seriea-2026-2026-10-11-lazio-v-monza,Lazio,Monza,2026-10-11,0.0,89.0,2.04,0.2072
Dorgu,Man United,pl-2026-2026-10-10-man-united-v-tottenham,Man United,Tottenham,2026-10-10,0.0,85.5,1.8,0.207
I. Romero,Levante,laliga-2026-2026-10-12-levante-v-sevilla,Levante,Sevilla,2026-10-12,0.475,63.2,1.61,0.2057
Ernest Nuamah,Lyon,ligue1-2026-2026-10-09-lens-v-lyon,Lens,Lyon,2026-10-09,0.879,76.8,1.0,0.2046
De Ketelaere,Atalanta,seriea-2026-2026-10-12-atalanta-v-venezia,Atalanta,Venezia,2026-10-12,0.0,76.2,2.38,0.2035
Canales,Santander,laliga-2026-2026-10-11-santander-v-valencia,Santander,Valencia,2026-10-11,0.178,72.4,2.03,0.2034
Bernasconi,Atalanta,seriea-2026-2026-10-12-atalanta-v-venezia,Atalanta,Venezia,2026-10-12,0.0,64.7,2.38,0.2024
Pablo G.,Santander,laliga-2026-2026-10-11-santander-v-valencia,Santander,Valencia,2026-10-11,0.672,44.7,2.03,0.2017
Romain Del Castillo,Brest,ligue1-2026-2026-10-10-brest-v-angers,Brest,Angers,2026-10-10,0.652,69.0,1.57,0.2015
Ludovic Ajorque,Brest,ligue1-2026-2026-10-10-brest-v-angers,Brest,Angers,2026-10-10,0.202,89.2,1.57,0.2009
Casper Tengstedt,Toulouse,ligue1-2026-2026-10-10-monaco-v-toulouse,Monaco,Toulouse,2026-10-10,1.901,71.0,0.91,0.2007
Hákon Haraldsson,Lille,ligue1-2026-2026-10-10-lille-v-le-havre,Lille,Le Havre,2026-10-10,0.243,74.2,1.77,0.2005
Krstović,Atalanta,seriea-2026-2026-10-12-atalanta-v-venezia,Atalanta,Venezia,2026-10-12,0.415,43.4,2.38,0.1999
Matthis Abline,Monaco,ligue1-2026-2026-10-10-monaco-v-toulouse,Monaco,Toulouse,2026-10-10,0.0,85.0,1.95,0.1998
J.Murphy,Newcastle,pl-2026-2026-10-12-coventry-city-v-newcastle,Coventry City,Newcastle,2026-10-12,0.0,90.0,1.64,0.198
Lobotka,Napoli,seriea-2026-2026-10-10-napoli-v-frosinone,Napoli,Frosinone,2026-10-10,0.191,90.0,1.39,0.1976
Dimarco,Inter,seriea-2026-2026-10-10-inter-v-parma,Inter,Parma,2026-10-10,0.0,68.0,2.49,0.1974
Arda Güler,Real Madrid,laliga-2026-2026-10-10-real-madrid-v-villarreal,Real Madrid,Villarreal,2026-10-10,0.258,49.9,2.53,0.1971
Ez Abde,Betis,laliga-2026-2026-10-11-betis-v-osasuna,Betis,Osasuna,2026-10-11,0.369,61.0,1.89,0.1971
Samuel Amo-Ameyaw,Strasbourg,ligue1-2026-2026-10-11-nice-v-strasbourg,Nice,Strasbourg,2026-10-11,1.277,70.5,1.13,0.197
Rovella,Lazio,seriea-2026-2026-10-11-lazio-v-monza,Lazio,Monza,2026-10-11,0.0,69.0,2.04,0.1957
Diao,Como,seriea-2026-2026-10-11-como-v-roma,Como,Roma,2026-10-11,0.499,72.2,1.18,0.1955
Taylor,Lazio,seriea-2026-2026-10-11-lazio-v-monza,Lazio,Monza,2026-10-11,0.0,90.0,2.04,0.1954
Anthony,Brentford,pl-2026-2026-10-10-aston-villa-v-brentford,Aston Villa,Brentford,2026-10-10,0.337,89.0,1.17,0.194
Gilmour,Napoli,seriea-2026-2026-10-10-napoli-v-frosinone,Napoli,Frosinone,2026-10-10,0.423,71.0,1.39,0.1925
Ngumoha,Liverpool,pl-2026-2026-10-11-liverpool-v-man-city,Liverpool,Man City,2026-10-11,0.0,90.0,1.47,0.1921
Steur,Newcastle,pl-2026-2026-10-12-coventry-city-v-newcastle,Coventry City,Newcastle,2026-10-12,0.0,90.0,1.64,0.1913
Douvikas,Como,seriea-2026-2026-10-11-como-v-roma,Como,Roma,2026-10-11,0.519,69.4,1.18,0.1906
Belloumi,Hull City,pl-2026-2026-10-11-hull-city-v-everton,Hull City,Everton,2026-10-11,0.457,78.8,1.08,0.1906
Gessime Yassine,Strasbourg,ligue1-2026-2026-10-11-nice-v-strasbourg,Nice,Strasbourg,2026-10-11,0.415,86.8,1.13,0.1901
Pellegrino,Fiorentina,seriea-2026-2026-10-10-genoa-v-fiorentina,Genoa,Fiorentina,2026-10-10,0.48,75.0,1.11,0.19
Kessié,Atalanta,seriea-2026-2026-10-12-atalanta-v-venezia,Atalanta,Venezia,2026-10-12,0.0,59.3,2.38,0.1899
Louis Mafouta,Le Mans,ligue1-2026-2026-10-10-paris-sg-v-le-mans,Paris SG,Le Mans,2026-10-10,0.638,84.6,0.91,0.1899
Adeyemi,Barcelona,laliga-2026-2026-10-10-barcelona-v-getafe,Barcelona,Getafe,2026-10-10,0.744,34.6,2.4,0.1898
Pulisic,Milan,seriea-2026-2026-10-11-sassuolo-v-milan,Sassuolo,Milan,2026-10-11,0.756,59.5,1.49,0.1897
Ibrahima Balde,Lorient,ligue1-2026-2026-10-10-lorient-v-paris-fc,Lorient,Paris FC,2026-10-10,0.573,78.5,1.31,0.1894
Olasagasti,Levante,laliga-2026-2026-10-12-levante-v-sevilla,Levante,Sevilla,2026-10-12,0.178,84.2,1.61,0.189
Budimir,Osasuna,laliga-2026-2026-10-11-betis-v-osasuna,Betis,Osasuna,2026-10-11,0.896,71.7,0.8,0.1876
Pathé Mboup,Brest,ligue1-2026-2026-10-10-brest-v-angers,Brest,Angers,2026-10-10,0.227,79.4,1.57,0.1871
Barrene,Real Sociedad,laliga-2026-2026-10-11-real-sociedad-v-la-coruna,Real Sociedad,La Coruna,2026-10-11,0.568,52.8,1.65,0.187
Gueye,Villarreal,laliga-2026-2026-10-10-real-madrid-v-villarreal,Real Madrid,Villarreal,2026-10-10,0.513,75.1,1.08,0.1862
Mainoo,Man United,pl-2026-2026-10-10-man-united-v-tottenham,Man United,Tottenham,2026-10-10,0.0,88.5,1.8,0.1854
Mamadou Kone,Lorient,ligue1-2026-2026-10-10-lorient-v-paris-fc,Lorient,Paris FC,2026-10-10,0.361,83.0,1.31,0.1847
Rashford,Man United,pl-2026-2026-10-10-man-united-v-tottenham,Man United,Tottenham,2026-10-10,0.0,87.8,1.8,0.1844
Matthieu Udol,Lens,ligue1-2026-2026-10-09-lens-v-lyon,Lens,Lyon,2026-10-09,0.234,76.8,1.57,0.1839
Abdallah Sima,Lens,ligue1-2026-2026-10-09-lens-v-lyon,Lens,Lyon,2026-10-09,0.234,76.8,1.57,0.1839
M. Koné,Roma,seriea-2026-2026-10-11-como-v-roma,Como,Roma,2026-10-11,0.523,68.8,1.14,0.183
Adil Bourabaa,Le Mans,ligue1-2026-2026-10-10-paris-sg-v-le-mans,Paris SG,Le Mans,2026-10-10,0.678,79.6,0.91,0.1829
Tchouameni,Real Madrid,laliga-2026-2026-10-10-real-madrid-v-villarreal,Real Madrid,Villarreal,2026-10-10,0.0,59.3,2.53,0.1827
Valverde,Real Madrid,laliga-2026-2026-10-10-real-madrid-v-villarreal,Real Madrid,Villarreal,2026-10-10,0.0,80.6,2.53,0.1827
Gibbs-White,Nott'm Forest,pl-2026-2026-10-11-crystal-palace-v-nott-m-forest,Crystal Palace,Nott'm Forest,2026-10-11,0.2,90.0,1.0,0.1821
Riquelme,Betis,laliga-2026-2026-10-11-betis-v-osasuna,Betis,Osasuna,2026-10-11,0.584,44.0,1.89,0.1812
Amine Harit,Marseille,ligue1-2026-2026-10-11-troyes-v-marseille,Troyes,Marseille,2026-10-11,0.0,83.2,2.18,0.18
Fernandez-Pardo,Newcastle,pl-2026-2026-10-12-coventry-city-v-newcastle,Coventry City,Newcastle,2026-10-12,0.0,78.5,1.64,0.1786
Giuliano,Ath Madrid,laliga-2026-2026-10-10-alaves-v-ath-madrid,Alaves,Ath Madrid,2026-10-10,0.38,67.7,1.38,0.1784
Gravenberch,Liverpool,pl-2026-2026-10-11-liverpool-v-man-city,Liverpool,Man City,2026-10-11,0.0,90.0,1.47,0.1776
Kang In,Ath Madrid,laliga-2026-2026-10-10-alaves-v-ath-madrid,Alaves,Ath Madrid,2026-10-10,0.384,67.0,1.38,0.1773
E.Le Fée,Sunderland,pl-2026-2026-10-10-sunderland-v-brighton,Sunderland,Brighton,2026-10-10,0.205,87.6,1.22,0.1762
Noah Mbamba-Muanda,Lorient,ligue1-2026-2026-10-10-lorient-v-paris-fc,Lorient,Paris FC,2026-10-10,0.634,71.0,1.31,0.1752
Zachary Athekame,Lyon,ligue1-2026-2026-10-09-lens-v-lyon,Lens,Lyon,2026-10-09,0.4,90.0,1.0,0.1747
Sadiq,Valencia,laliga-2026-2026-10-11-santander-v-valencia,Santander,Valencia,2026-10-11,0.57,52.7,1.76,0.1736
Samir Chergui,Paris FC,ligue1-2026-2026-10-10-lorient-v-paris-fc,Lorient,Paris FC,2026-10-10,0.333,90.0,1.15,0.1734
Politano,Napoli,seriea-2026-2026-10-10-napoli-v-frosinone,Napoli,Frosinone,2026-10-10,0.253,71.2,1.39,0.1731
Adžić,Sassuolo,seriea-2026-2026-10-11-sassuolo-v-milan,Sassuolo,Milan,2026-10-11,1.13,47.8,1.13,0.1728
Rice,Arsenal,pl-2026-2026-10-10-arsenal-v-leeds,Arsenal,Leeds,2026-10-10,0.0,82.2,1.87,0.1727
S. Esposito,Sassuolo,seriea-2026-2026-10-11-sassuolo-v-milan,Sassuolo,Milan,2026-10-11,0.616,73.0,1.13,0.1725
Igor Jesus,Nott'm Forest,pl-2026-2026-10-11-crystal-palace-v-nott-m-forest,Crystal Palace,Nott'm Forest,2026-10-11,0.35,90.0,1.0,0.171
Maldini,Cagliari,seriea-2026-2026-10-11-cagliari-v-juventus,Cagliari,Juventus,2026-10-11,0.716,75.4,0.79,0.1704
Nico Paz,Como,seriea-2026-2026-10-11-como-v-roma,Como,Roma,2026-10-11,0.205,87.8,1.18,0.1704
Conceição,Juventus,seriea-2026-2026-10-11-cagliari-v-juventus,Cagliari,Juventus,2026-10-11,0.239,75.4,1.31,0.1699
Barcola,Liverpool,pl-2026-2026-10-11-liverpool-v-man-city,Liverpool,Man City,2026-10-11,0.0,84.0,1.47,0.1699
Charles,Fulham,pl-2026-2026-10-10-ipswich-town-v-fulham,Ipswich Town,Fulham,2026-10-10,0.0,90.0,1.53,0.1691
Álvaro,Rayo Vallecano,laliga-2026-2026-10-10-rayo-vallecano-v-ath-bilbao,Rayo Vallecano,Ath Bilbao,2026-10-10,0.34,75.7,1.2,0.1685
Karlström,Udinese,seriea-2026-2026-10-12-torino-v-udinese,Torino,Udinese,2026-10-12,0.185,90.0,1.18,0.1685
Delap,Nott'm Forest,pl-2026-2026-10-11-crystal-palace-v-nott-m-forest,Crystal Palace,Nott'm Forest,2026-10-11,0.325,90.0,1.0,0.1684
Aleksandr Golovin,Monaco,ligue1-2026-2026-10-10-monaco-v-toulouse,Monaco,Toulouse,2026-10-10,0.0,87.6,1.95,0.1679
Kamara,Aston Villa,pl-2026-2026-10-10-aston-villa-v-brentford,Aston Villa,Brentford,2026-10-10,0.0,88.6,1.72,0.1675
Elye Wahi,Nice,ligue1-2026-2026-10-11-nice-v-strasbourg,Nice,Strasbourg,2026-10-11,0.325,69.2,1.44,0.1671
Emersonn,Ipswich Town,pl-2026-2026-10-10-ipswich-town-v-fulham,Ipswich Town,Fulham,2026-10-10,0.568,63.4,1.09,0.1671
Soulé,Roma,seriea-2026-2026-10-11-como-v-roma,Como,Roma,2026-10-11,0.602,59.8,1.14,0.1666
Baturina,Como,seriea-2026-2026-10-11-como-v-roma,Como,Roma,2026-10-11,0.636,56.6,1.18,0.1662
Solanke,Tottenham,pl-2026-2026-10-10-man-united-v-tottenham,Man United,Tottenham,2026-10-10,0.0,85.0,1.13,0.1662
M. Aguado,Elche,laliga-2026-2026-10-11-elche-v-celta,Elche,Celta,2026-10-11,0.35,64.2,1.5,0.1657
Germán V.,Elche,laliga-2026-2026-10-11-elche-v-celta,Elche,Celta,2026-10-11,0.157,81.7,1.5,0.1656
Iván Martín,Santander,laliga-2026-2026-10-11-santander-v-valencia,Santander,Valencia,2026-10-11,0.0,79.8,2.03,0.1655
McGinn,Aston Villa,pl-2026-2026-10-10-aston-villa-v-brentford,Aston Villa,Brentford,2026-10-10,0.0,86.8,1.72,0.1654
Ayari,Brighton,pl-2026-2026-10-10-sunderland-v-brighton,Sunderland,Brighton,2026-10-10,0.27,83.2,1.11,0.1654
Scott,Bournemouth,pl-2026-2026-10-10-chelsea-v-bournemouth,Chelsea,Bournemouth,2026-10-10,0.202,89.2,1.12,0.1642
Jean-Victor Makengo,Lorient,ligue1-2026-2026-10-10-lorient-v-paris-fc,Lorient,Paris FC,2026-10-10,0.215,83.6,1.31,0.1642
Tielemans,Man United,pl-2026-2026-10-10-man-united-v-tottenham,Man United,Tottenham,2026-10-10,0.0,80.4,1.8,0.1642
Sučić,Inter,seriea-2026-2026-10-10-inter-v-parma,Inter,Parma,2026-10-10,0.0,49.0,2.49,0.1641
Mohammed Amoura,Nice,ligue1-2026-2026-10-11-nice-v-strasbourg,Nice,Strasbourg,2026-10-11,0.479,62.7,1.44,0.1639
Gallagher,Tottenham,pl-2026-2026-10-10-man-united-v-tottenham,Man United,Tottenham,2026-10-10,0.672,67.0,1.13,0.163
Anthony Gordon,Barcelona,laliga-2026-2026-10-10-barcelona-v-getafe,Barcelona,Getafe,2026-10-10,0.0,66.2,2.4,0.1625
Barkley,Aston Villa,pl-2026-2026-10-10-aston-villa-v-brentford,Aston Villa,Brentford,2026-10-10,0.0,77.0,1.72,0.1624
Mac Allister,Liverpool,pl-2026-2026-10-11-liverpool-v-man-city,Liverpool,Man City,2026-10-11,0.0,90.0,1.47,0.162
Lewis-Potter,Brentford,pl-2026-2026-10-10-aston-villa-v-brentford,Aston Villa,Brentford,2026-10-10,0.222,81.2,1.17,0.1612
Pablo Ramón,Santander,laliga-2026-2026-10-11-santander-v-valencia,Santander,Valencia,2026-10-11,0.0,76.4,2.03,0.161
Lewis-Skelly,Arsenal,pl-2026-2026-10-10-arsenal-v-leeds,Arsenal,Leeds,2026-10-10,0.0,67.8,1.87,0.1605
Gomes,Aston Villa,pl-2026-2026-10-10-aston-villa-v-brentford,Aston Villa,Brentford,2026-10-10,0.0,64.5,1.72,0.1599
C.soler,Real Sociedad,laliga-2026-2026-10-11-real-sociedad-v-la-coruna,Real Sociedad,La Coruna,2026-10-11,0.194,66.3,1.65,0.1596
Pašalić,Atalanta,seriea-2026-2026-10-12-atalanta-v-venezia,Atalanta,Venezia,2026-10-12,0.0,50.0,2.38,0.1596
McKennie,Juventus,seriea-2026-2026-10-11-cagliari-v-juventus,Cagliari,Juventus,2026-10-11,0.0,90.0,1.31,0.1595
Marc Roca,Betis,laliga-2026-2026-10-11-betis-v-osasuna,Betis,Osasuna,2026-10-11,0.0,83.2,1.89,0.1593
Tzolis,Arsenal,pl-2026-2026-10-10-arsenal-v-leeds,Arsenal,Leeds,2026-10-10,0.0,72.4,1.87,0.1593
Hugo Magnetti,Brest,ligue1-2026-2026-10-10-brest-v-angers,Brest,Angers,2026-10-10,0.0,90.0,1.57,0.1593
Enzo Bardeli,Levante,laliga-2026-2026-10-12-levante-v-sevilla,Levante,Sevilla,2026-10-12,0.237,63.3,1.61,0.1589
Berge,Fulham,pl-2026-2026-10-10-ipswich-town-v-fulham,Ipswich Town,Fulham,2026-10-10,0.0,87.2,1.53,0.1588
George Hemmings,Aston Villa,pl-2026-2026-10-10-aston-villa-v-brentford,Aston Villa,Brentford,2026-10-10,0.0,74.2,1.72,0.1584
Thomas Jorgensen,Toulouse,ligue1-2026-2026-10-10-monaco-v-toulouse,Monaco,Toulouse,2026-10-10,0.411,87.6,0.91,0.1582
Luis Henrique,Inter,seriea-2026-2026-10-10-inter-v-parma,Inter,Parma,2026-10-10,0.0,44.3,2.49,0.1581
Bernardeschi,Bologna,seriea-2026-2026-10-11-lecce-v-bologna,Lecce,Bologna,2026-10-11,0.232,77.6,1.18,0.1577
Issa Soumare,Rennes,ligue1-2026-2026-10-11-rennes-v-auxerre,Rennes,Auxerre,2026-10-11,0.0,71.7,1.84,0.1567
Miguel Sierra,Sevilla,laliga-2026-2026-10-12-levante-v-sevilla,Levante,Sevilla,2026-10-12,0.363,70.9,1.16,0.1567
Piccoli,Bologna,seriea-2026-2026-10-11-lecce-v-bologna,Lecce,Bologna,2026-10-11,0.235,76.6,1.18,0.1564
Kluivert,Bournemouth,pl-2026-2026-10-10-chelsea-v-bournemouth,Chelsea,Bournemouth,2026-10-10,0.306,73.5,1.12,0.1535
Pepe,Villarreal,laliga-2026-2026-10-10-real-madrid-v-villarreal,Real Madrid,Villarreal,2026-10-10,0.426,70.5,1.08,0.1535
G. Rodriguez,Valencia,laliga-2026-2026-10-11-santander-v-valencia,Santander,Valencia,2026-10-11,0.0,79.2,1.76,0.1532
N. González,Juventus,seriea-2026-2026-10-11-cagliari-v-juventus,Cagliari,Juventus,2026-10-11,0.377,59.8,1.31,0.1524
Zalewski,Atalanta,seriea-2026-2026-10-12-atalanta-v-venezia,Atalanta,Venezia,2026-10-12,0.0,44.7,2.38,0.1523
De Bruyne,Napoli,seriea-2026-2026-10-10-napoli-v-frosinone,Napoli,Frosinone,2026-10-10,0.306,58.8,1.39,0.1522
McTominay,Napoli,seriea-2026-2026-10-10-napoli-v-frosinone,Napoli,Frosinone,2026-10-10,0.0,78.0,1.39,0.1522
Prati,Santander,laliga-2026-2026-10-11-santander-v-valencia,Santander,Valencia,2026-10-11,0.0,65.0,2.03,0.1521
Rodrigo,Barcelona,laliga-2026-2026-10-10-barcelona-v-getafe,Barcelona,Getafe,2026-10-10,0.0,59.3,2.4,0.1515
Parrott,Betis,laliga-2026-2026-10-11-betis-v-osasuna,Betis,Osasuna,2026-10-11,0.529,42.5,1.89,0.1509
L. Coulibaly,Lecce,seriea-2026-2026-10-11-lecce-v-bologna,Lecce,Bologna,2026-10-11,0.372,90.0,0.78,0.1507
Nabil Bentaleb,Lille,ligue1-2026-2026-10-10-lille-v-le-havre,Lille,Le Havre,2026-10-10,0.0,83.6,1.77,0.1496
Christie,Bournemouth,pl-2026-2026-10-10-chelsea-v-bournemouth,Chelsea,Bournemouth,2026-10-10,0.0,90.0,1.12,0.1496
L.Miley,Newcastle,pl-2026-2026-10-12-coventry-city-v-newcastle,Coventry City,Newcastle,2026-10-12,0.0,79.2,1.64,0.1495
Jones,Inter,seriea-2026-2026-10-10-inter-v-parma,Inter,Parma,2026-10-10,0.0,43.2,2.49,0.1492
P. Durán,Celta,laliga-2026-2026-10-11-elche-v-celta,Elche,Celta,2026-10-11,0.732,49.2,1.29,0.1481
Georginio,Brighton,pl-2026-2026-10-10-sunderland-v-brighton,Sunderland,Brighton,2026-10-10,0.0,90.0,1.11,0.1479
Buonanotte,Elche,laliga-2026-2026-10-11-elche-v-celta,Elche,Celta,2026-10-11,0.411,54.8,1.5,0.1475
Vicente,Santander,laliga-2026-2026-10-11-santander-v-valencia,Santander,Valencia,2026-10-11,0.0,77.7,2.03,0.1466
Herrera,Real Sociedad,laliga-2026-2026-10-11-real-sociedad-v-la-coruna,Real Sociedad,La Coruna,2026-10-11,0.223,57.6,1.65,0.1462
Volpato,Sassuolo,seriea-2026-2026-10-11-sassuolo-v-milan,Sassuolo,Milan,2026-10-11,0.474,63.3,1.13,0.1458
Locatelli,Juventus,seriea-2026-2026-10-11-cagliari-v-juventus,Cagliari,Juventus,2026-10-11,0.0,90.0,1.31,0.1456
M. Román,Celta,laliga-2026-2026-10-11-elche-v-celta,Elche,Celta,2026-10-11,0.155,82.7,1.29,0.145
Á. Ortiz,Betis,laliga-2026-2026-10-11-betis-v-osasuna,Betis,Osasuna,2026-10-11,0.0,58.0,1.89,0.145
O.Dango,Brentford,pl-2026-2026-10-10-aston-villa-v-brentford,Aston Villa,Brentford,2026-10-10,0.0,89.5,1.17,0.1447
Mariano,Alaves,laliga-2026-2026-10-10-alaves-v-ath-madrid,Alaves,Ath Madrid,2026-10-10,0.836,46.1,1.14,0.1446
Giovanni Reyna,Strasbourg,ligue1-2026-2026-10-11-nice-v-strasbourg,Nice,Strasbourg,2026-10-11,0.292,77.0,1.13,0.1435
Panos Katseris,Lorient,ligue1-2026-2026-10-10-lorient-v-paris-fc,Lorient,Paris FC,2026-10-10,0.0,88.5,1.31,0.1435
Romain Perraud,Lille,ligue1-2026-2026-10-10-lille-v-le-havre,Lille,Le Havre,2026-10-10,0.0,78.2,1.77,0.1434
Iwobi,Fulham,pl-2026-2026-10-10-ipswich-town-v-fulham,Ipswich Town,Fulham,2026-10-10,0.0,81.6,1.53,0.1431
Timber,Crystal Palace,pl-2026-2026-10-11-crystal-palace-v-nott-m-forest,Crystal Palace,Nott'm Forest,2026-10-11,0.0,84.3,1.31,0.1429
Vergara,Napoli,seriea-2026-2026-10-10-napoli-v-frosinone,Napoli,Frosinone,2026-10-10,0.625,48.0,1.39,0.1428
Ilan Kebbal,Paris FC,ligue1-2026-2026-10-10-lorient-v-paris-fc,Lorient,Paris FC,2026-10-10,0.222,81.0,1.15,0.1425
P. Fornals,Betis,laliga-2026-2026-10-11-betis-v-osasuna,Betis,Osasuna,2026-10-11,0.0,75.8,1.89,0.1424
Oskarsson,Real Sociedad,laliga-2026-2026-10-11-real-sociedad-v-la-coruna,Real Sociedad,La Coruna,2026-10-11,0.288,52.0,1.65,0.1423
Thomas,Hull City,pl-2026-2026-10-11-hull-city-v-everton,Hull City,Everton,2026-10-11,0.0,90.0,1.08,0.1421
Sofiane Diop,Nice,ligue1-2026-2026-10-11-nice-v-strasbourg,Nice,Strasbourg,2026-10-11,0.0,85.3,1.44,0.1418
N.Angulo,Sunderland,pl-2026-2026-10-10-sunderland-v-brighton,Sunderland,Brighton,2026-10-10,0.288,62.6,1.22,0.1417
Jacobo Ortega,Strasbourg,ligue1-2026-2026-10-11-nice-v-strasbourg,Nice,Strasbourg,2026-10-11,0.298,75.5,1.13,0.1416
Yarmoliuk,Brentford,pl-2026-2026-10-10-aston-villa-v-brentford,Aston Villa,Brentford,2026-10-10,0.0,90.0,1.17,0.141
Ndiaye,Man City,pl-2026-2026-10-11-liverpool-v-man-city,Liverpool,Man City,2026-10-11,0.0,90.0,1.34,0.1403
Calò,Frosinone,seriea-2026-2026-10-10-napoli-v-frosinone,Napoli,Frosinone,2026-10-10,0.195,90.0,0.95,0.14
Chukwueze,Milan,seriea-2026-2026-10-11-sassuolo-v-milan,Sassuolo,Milan,2026-10-11,0.0,82.4,1.49,0.14
Gourna-Douath,Hull City,pl-2026-2026-10-11-hull-city-v-everton,Hull City,Everton,2026-10-11,0.0,90.0,1.08,0.1397
Cook,Bournemouth,pl-2026-2026-10-10-chelsea-v-bournemouth,Chelsea,Bournemouth,2026-10-10,0.0,90.0,1.12,0.1396
Stassin,Sevilla,laliga-2026-2026-10-12-levante-v-sevilla,Levante,Sevilla,2026-10-12,0.462,65.0,1.16,0.1389
Fofana,Sevilla,laliga-2026-2026-10-12-levante-v-sevilla,Levante,Sevilla,2026-10-12,0.326,69.0,1.16,0.1374
Joris Chotard,Brest,ligue1-2026-2026-10-10-brest-v-angers,Brest,Angers,2026-10-10,0.0,86.8,1.57,0.1365
Pisilli,Roma,seriea-2026-2026-10-11-como-v-roma,Como,Roma,2026-10-11,1.047,43.0,1.14,0.1364
Loïs Openda,Lyon,ligue1-2026-2026-10-09-lens-v-lyon,Lens,Lyon,2026-10-09,0.269,83.5,1.0,0.136
Wirtz,Liverpool,pl-2026-2026-10-11-liverpool-v-man-city,Liverpool,Man City,2026-10-11,0.0,80.4,1.47,0.136
Febas,Celta,laliga-2026-2026-10-11-elche-v-celta,Elche,Celta,2026-10-11,0.0,83.5,1.29,0.1359
Bernardo,Real Madrid,laliga-2026-2026-10-10-real-madrid-v-villarreal,Real Madrid,Villarreal,2026-10-10,0.0,47.0,2.53,0.1356
Calvert-Lewin,Leeds,pl-2026-2026-10-10-arsenal-v-leeds,Arsenal,Leeds,2026-10-10,0.43,83.8,0.57,0.1355
Diogo Sousa,Strasbourg,ligue1-2026-2026-10-11-nice-v-strasbourg,Nice,Strasbourg,2026-10-11,0.234,76.8,1.13,0.1353
Lookman,Ath Madrid,laliga-2026-2026-10-10-alaves-v-ath-madrid,Alaves,Ath Madrid,2026-10-10,0.196,65.7,1.38,0.1345
Antony,Betis,laliga-2026-2026-10-11-betis-v-osasuna,Betis,Osasuna,2026-10-11,0.0,74.6,1.89,0.1341
I.Sangaré,Nott'm Forest,pl-2026-2026-10-11-crystal-palace-v-nott-m-forest,Crystal Palace,Nott'm Forest,2026-10-11,0.0,90.0,1.0,0.1341
Damsgaard,Brentford,pl-2026-2026-10-10-aston-villa-v-brentford,Aston Villa,Brentford,2026-10-10,0.0,90.0,1.17,0.1336
Mama Baldé,Brest,ligue1-2026-2026-10-10-brest-v-angers,Brest,Angers,2026-10-10,0.0,65.5,1.57,0.1335
Felix Bacher,Lyon,ligue1-2026-2026-10-09-lens-v-lyon,Lens,Lyon,2026-10-09,0.202,89.2,1.0,0.1333
McBurnie,Hull City,pl-2026-2026-10-11-hull-city-v-everton,Hull City,Everton,2026-10-11,0.0,88.2,1.08,0.133
Pablo Pagis,Paris FC,ligue1-2026-2026-10-10-lorient-v-paris-fc,Lorient,Paris FC,2026-10-10,0.247,72.8,1.15,0.1329
Rémy Labeau Lascary,Auxerre,ligue1-2026-2026-10-11-rennes-v-auxerre,Rennes,Auxerre,2026-10-11,0.37,81.0,0.93,0.1324
Thiago,Levante,laliga-2026-2026-10-12-levante-v-sevilla,Levante,Sevilla,2026-10-12,0.0,72.5,1.61,0.1324
Bowie,Sassuolo,seriea-2026-2026-10-11-sassuolo-v-milan,Sassuolo,Milan,2026-10-11,0.282,63.8,1.13,0.1323
Mikautadze,Villarreal,laliga-2026-2026-10-10-real-madrid-v-villarreal,Real Madrid,Villarreal,2026-10-10,0.43,59.9,1.08,0.1323
Moriba,Celta,laliga-2026-2026-10-11-elche-v-celta,Elche,Celta,2026-10-11,0.183,70.3,1.29,0.1319
Navarro,Ath Bilbao,laliga-2026-2026-10-10-rayo-vallecano-v-ath-bilbao,Rayo Vallecano,Ath Bilbao,2026-10-10,0.568,63.4,0.94,0.1317
Pepelu,Valencia,laliga-2026-2026-10-11-santander-v-valencia,Santander,Valencia,2026-10-11,0.0,81.1,1.76,0.1316
Javi Guerra,Valencia,laliga-2026-2026-10-11-santander-v-valencia,Santander,Valencia,2026-10-11,0.0,80.7,1.76,0.1312
Douglas Luiz,Juventus,seriea-2026-2026-10-11-cagliari-v-juventus,Cagliari,Juventus,2026-10-11,0.0,90.0,1.31,0.1306
A. Moleiro,Villarreal,laliga-2026-2026-10-10-real-madrid-v-villarreal,Real Madrid,Villarreal,2026-10-10,0.439,58.6,1.08,0.1305
Foden,Man City,pl-2026-2026-10-11-liverpool-v-man-city,Liverpool,Man City,2026-10-11,0.0,72.3,1.34,0.1305
Ibáñez,Alaves,laliga-2026-2026-10-10-alaves-v-ath-madrid,Alaves,Ath Madrid,2026-10-10,0.155,82.9,1.14,0.1298
Vlašić,Torino,seriea-2026-2026-10-12-torino-v-udinese,Torino,Udinese,2026-10-12,0.0,90.0,1.3,0.1296
Kamada,Crystal Palace,pl-2026-2026-10-11-crystal-palace-v-nott-m-forest,Crystal Palace,Nott'm Forest,2026-10-11,0.0,88.2,1.31,0.1294
Berardi,Sassuolo,seriea-2026-2026-10-11-sassuolo-v-milan,Sassuolo,Milan,2026-10-11,0.391,57.5,1.13,0.1289
Adams,Bournemouth,pl-2026-2026-10-10-chelsea-v-bournemouth,Chelsea,Bournemouth,2026-10-10,0.0,90.0,1.12,0.1287
Wharton,Crystal Palace,pl-2026-2026-10-11-crystal-palace-v-nott-m-forest,Crystal Palace,Nott'm Forest,2026-10-11,0.0,87.2,1.31,0.1285
Piotrowski,Udinese,seriea-2026-2026-10-12-torino-v-udinese,Torino,Udinese,2026-10-12,0.592,50.7,1.18,0.1279
Bobb,Fulham,pl-2026-2026-10-10-ipswich-town-v-fulham,Ipswich Town,Fulham,2026-10-10,0.0,68.6,1.53,0.1277
Musah,Milan,seriea-2026-2026-10-11-sassuolo-v-milan,Sassuolo,Milan,2026-10-11,0.0,71.6,1.49,0.1277
Gray,Tottenham,pl-2026-2026-10-10-man-united-v-tottenham,Man United,Tottenham,2026-10-10,0.0,90.0,1.13,0.1276
Kolo Muani,Juventus,seriea-2026-2026-10-11-cagliari-v-juventus,Cagliari,Juventus,2026-10-11,0.0,90.0,1.31,0.1275
N.Gonzalez,Newcastle,pl-2026-2026-10-12-coventry-city-v-newcastle,Coventry City,Newcastle,2026-10-12,0.0,54.7,1.64,0.1273
Jacen Russel-Rowe,Toulouse,ligue1-2026-2026-10-10-monaco-v-toulouse,Monaco,Toulouse,2026-10-10,0.263,85.5,0.91,0.127
Anderson,Man City,pl-2026-2026-10-11-liverpool-v-man-city,Liverpool,Man City,2026-10-11,0.0,82.6,1.34,0.127
Tel,Tottenham,pl-2026-2026-10-10-man-united-v-tottenham,Man United,Tottenham,2026-10-10,0.0,85.7,1.13,0.1268
Danjuma,Valencia,laliga-2026-2026-10-11-santander-v-valencia,Santander,Valencia,2026-10-11,0.0,75.1,1.76,0.1259
Palacios,Ipswich Town,pl-2026-2026-10-10-ipswich-town-v-fulham,Ipswich Town,Fulham,2026-10-10,0.0,90.0,1.09,0.1257
Antoine Mille,Troyes,ligue1-2026-2026-10-11-troyes-v-marseille,Troyes,Marseille,2026-10-11,0.255,88.2,0.88,0.1255
Yeremy,Crystal Palace,pl-2026-2026-10-11-crystal-palace-v-nott-m-forest,Crystal Palace,Nott'm Forest,2026-10-11,0.0,76.8,1.31,0.1254
O. Rey,Levante,laliga-2026-2026-10-12-levante-v-sevilla,Levante,Sevilla,2026-10-12,0.0,78.8,1.61,0.1253
Ruben Aguilar,Lens,ligue1-2026-2026-10-09-lens-v-lyon,Lens,Lyon,2026-10-09,0.0,69.5,1.57,0.1251
Lamine Sy,Auxerre,ligue1-2026-2026-10-11-rennes-v-auxerre,Rennes,Auxerre,2026-10-11,0.2,89.8,0.93,0.1248
Turrientes,Real Sociedad,laliga-2026-2026-10-11-real-sociedad-v-la-coruna,Real Sociedad,La Coruna,2026-10-11,0.0,64.5,1.65,0.1244
Osorio,Elche,laliga-2026-2026-10-11-elche-v-celta,Elche,Celta,2026-10-11,0.514,43.8,1.5,0.1243
Lucas Maronnier,Troyes,ligue1-2026-2026-10-11-troyes-v-marseille,Troyes,Marseille,2026-10-11,0.378,79.3,0.88,0.1243
Fernandes,Tottenham,pl-2026-2026-10-10-man-united-v-tottenham,Man United,Tottenham,2026-10-10,0.0,83.0,1.13,0.1239
Michal Skoras,Lens,ligue1-2026-2026-10-09-lens-v-lyon,Lens,Lyon,2026-10-09,0.0,68.2,1.57,0.1235
Ugrinic,Valencia,laliga-2026-2026-10-11-santander-v-valencia,Santander,Valencia,2026-10-11,0.0,72.7,1.76,0.1234
Xhaka,Sunderland,pl-2026-2026-10-10-sunderland-v-brighton,Sunderland,Brighton,2026-10-10,0.0,90.0,1.22,0.1233
Alisson,Napoli,seriea-2026-2026-10-10-napoli-v-frosinone,Napoli,Frosinone,2026-10-10,0.0,64.0,1.39,0.1228
Isidor,Sunderland,pl-2026-2026-10-10-sunderland-v-brighton,Sunderland,Brighton,2026-10-10,0.769,45.0,1.22,0.1228
Maeda,Ipswich Town,pl-2026-2026-10-10-ipswich-town-v-fulham,Ipswich Town,Fulham,2026-10-10,0.0,86.3,1.09,0.1225
Fitz-Jim,Torino,seriea-2026-2026-10-12-torino-v-udinese,Torino,Udinese,2026-10-12,0.0,81.6,1.3,0.1224
Christ Tape,Toulouse,ligue1-2026-2026-10-10-monaco-v-toulouse,Monaco,Toulouse,2026-10-10,0.203,88.8,0.91,0.1222
Bentancur,Tottenham,pl-2026-2026-10-10-man-united-v-tottenham,Man United,Tottenham,2026-10-10,0.0,90.0,1.13,0.1217
Iker Luque,Santander,laliga-2026-2026-10-11-santander-v-valencia,Santander,Valencia,2026-10-11,0.0,45.7,2.03,0.1216
Gerard,Villarreal,laliga-2026-2026-10-10-real-madrid-v-villarreal,Real Madrid,Villarreal,2026-10-10,0.608,49.3,1.08,0.121
Camavinga,Real Madrid,laliga-2026-2026-10-10-real-madrid-v-villarreal,Real Madrid,Villarreal,2026-10-10,0.0,40.0,2.53,0.1207
Corentin Tolisso,Lyon,ligue1-2026-2026-10-09-lens-v-lyon,Lens,Lyon,2026-10-09,0.236,76.2,1.0,0.1206
Sávio,Tottenham,pl-2026-2026-10-10-man-united-v-tottenham,Man United,Tottenham,2026-10-10,0.0,80.0,1.13,0.1206
Barry,Everton,pl-2026-2026-10-11-hull-city-v-everton,Hull City,Everton,2026-10-11,0.432,83.4,0.5,0.1205
Njie,Fiorentina,seriea-2026-2026-10-10-genoa-v-fiorentina,Genoa,Fiorentina,2026-10-10,0.0,82.0,1.11,0.1203
Zaniolo,Udinese,seriea-2026-2026-10-12-torino-v-udinese,Torino,Udinese,2026-10-12,0.0,70.0,1.18,0.1197
Modrić,Milan,seriea-2026-2026-10-11-sassuolo-v-milan,Sassuolo,Milan,2026-10-11,0.0,64.8,1.49,0.1194
Ryunosuke,Valencia,laliga-2026-2026-10-11-santander-v-valencia,Santander,Valencia,2026-10-11,0.0,59.4,1.76,0.119
Lemar,Elche,laliga-2026-2026-10-11-elche-v-celta,Elche,Celta,2026-10-11,0.545,41.2,1.5,0.1187
Ali Houary,Elche,laliga-2026-2026-10-11-elche-v-celta,Elche,Celta,2026-10-11,0.0,63.3,1.5,0.1187
Cacciamani,Torino,seriea-2026-2026-10-12-torino-v-udinese,Torino,Udinese,2026-10-12,0.0,77.6,1.3,0.1185
Vojvoda,Udinese,seriea-2026-2026-10-12-torino-v-udinese,Torino,Udinese,2026-10-12,0.0,90.0,1.18,0.1182
Arsène Kouassi,Lorient,ligue1-2026-2026-10-10-lorient-v-paris-fc,Lorient,Paris FC,2026-10-10,0.0,90.0,1.31,0.1181
Gineitis,Torino,seriea-2026-2026-10-12-torino-v-udinese,Torino,Udinese,2026-10-12,0.0,71.0,1.3,0.118
Peque,Sevilla,laliga-2026-2026-10-12-levante-v-sevilla,Levante,Sevilla,2026-10-12,0.57,52.7,1.16,0.1178
Ndoye,Nott'm Forest,pl-2026-2026-10-11-crystal-palace-v-nott-m-forest,Crystal Palace,Nott'm Forest,2026-10-11,0.285,63.2,1.0,0.1178
Marmoush,Tottenham,pl-2026-2026-10-10-man-united-v-tottenham,Man United,Tottenham,2026-10-10,0.0,84.8,1.13,0.1177
Gueye,Udinese,seriea-2026-2026-10-12-torino-v-udinese,Torino,Udinese,2026-10-12,0.469,48.0,1.18,0.1174
Maguette,Santander,laliga-2026-2026-10-11-santander-v-valencia,Santander,Valencia,2026-10-11,0.608,29.6,2.03,0.1173
Danny Namaso,Auxerre,ligue1-2026-2026-10-11-rennes-v-auxerre,Rennes,Auxerre,2026-10-11,0.222,81.2,0.93,0.1171
Anguissa,Napoli,seriea-2026-2026-10-10-napoli-v-frosinone,Napoli,Frosinone,2026-10-10,0.0,64.5,1.39,0.117
Yan Diomande,Real Madrid,laliga-2026-2026-10-10-real-madrid-v-villarreal,Real Madrid,Villarreal,2026-10-10,0.0,40.0,2.53,0.1169
Gauthier Hein,Nice,ligue1-2026-2026-10-11-nice-v-strasbourg,Nice,Strasbourg,2026-10-11,0.0,77.0,1.44,0.1168
A. Romano,Cagliari,seriea-2026-2026-10-11-cagliari-v-juventus,Cagliari,Juventus,2026-10-11,0.188,90.0,0.79,0.1166
M.Sangaré,Brentford,pl-2026-2026-10-10-aston-villa-v-brentford,Aston Villa,Brentford,2026-10-10,0.0,80.2,1.17,0.1165
Sadiki,Sunderland,pl-2026-2026-10-10-sunderland-v-brighton,Sunderland,Brighton,2026-10-10,0.0,82.0,1.22,0.1162
F. Bernal,Betis,laliga-2026-2026-10-11-betis-v-osasuna,Betis,Osasuna,2026-10-11,0.0,59.1,1.89,0.1162
O. Sancet,Ath Bilbao,laliga-2026-2026-10-10-rayo-vallecano-v-ath-bilbao,Rayo Vallecano,Ath Bilbao,2026-10-10,0.175,85.8,0.94,0.1161
Elmas,Atalanta,seriea-2026-2026-10-12-atalanta-v-venezia,Atalanta,Venezia,2026-10-12,0.0,33.2,2.38,0.1159
Barrios,Ath Madrid,laliga-2026-2026-10-10-alaves-v-ath-madrid,Alaves,Ath Madrid,2026-10-10,0.0,73.5,1.38,0.1155
Dame Gueye,Le Mans,ligue1-2026-2026-10-10-paris-sg-v-le-mans,Paris SG,Le Mans,2026-10-10,0.303,74.2,0.91,0.1154
L. Ferguson,Bologna,seriea-2026-2026-10-11-lecce-v-bologna,Lecce,Bologna,2026-10-11,0.0,90.0,1.18,0.1153
Cristante,Roma,seriea-2026-2026-10-11-como-v-roma,Como,Roma,2026-10-11,0.0,90.0,1.14,0.1146
Bernal,Barcelona,laliga-2026-2026-10-10-barcelona-v-getafe,Barcelona,Getafe,2026-10-10,0.0,41.7,2.4,0.1146
Brahim,Real Madrid,laliga-2026-2026-10-10-real-madrid-v-villarreal,Real Madrid,Villarreal,2026-10-10,0.0,33.0,2.53,0.114
G. Villar,Elche,laliga-2026-2026-10-11-elche-v-celta,Elche,Celta,2026-10-11,0.0,81.9,1.5,0.1138
Simeone,Torino,seriea-2026-2026-10-12-torino-v-udinese,Torino,Udinese,2026-10-12,0.0,73.0,1.3,0.1138
Jutgla,Celta,laliga-2026-2026-10-11-elche-v-celta,Elche,Celta,2026-10-11,0.232,55.4,1.29,0.1135
Ellertsson,Genoa,seriea-2026-2026-10-10-genoa-v-fiorentina,Genoa,Fiorentina,2026-10-10,0.0,90.0,1.14,0.1129
Noah Nartey,Lyon,ligue1-2026-2026-10-09-lens-v-lyon,Lens,Lyon,2026-10-09,0.804,56.0,1.0,0.1126
Dolan,Espanyol,laliga-2026-2026-10-09-malaga-v-espanyol,Malaga,Espanyol,2026-10-09,0.208,72.2,1.01,0.1123
Frendrup,Genoa,seriea-2026-2026-10-10-genoa-v-fiorentina,Genoa,Fiorentina,2026-10-10,0.0,90.0,1.14,0.1118
Bakola,Sassuolo,seriea-2026-2026-10-11-sassuolo-v-milan,Sassuolo,Milan,2026-10-11,0.0,79.8,1.13,0.1116
Oyarzabal,Real Sociedad,laliga-2026-2026-10-11-real-sociedad-v-la-coruna,Real Sociedad,La Coruna,2026-10-11,0.0,68.3,1.65,0.1115
Núñez,Ipswich Town,pl-2026-2026-10-10-ipswich-town-v-fulham,Ipswich Town,Fulham,2026-10-10,0.0,70.0,1.09,0.1114
Tonali,Tottenham,pl-2026-2026-10-10-man-united-v-tottenham,Man United,Tottenham,2026-10-10,0.0,85.4,1.13,0.1111
Dybala,Roma,seriea-2026-2026-10-11-como-v-roma,Como,Roma,2026-10-11,0.0,85.4,1.14,0.1109
Rayan,Bournemouth,pl-2026-2026-10-10-chelsea-v-bournemouth,Chelsea,Bournemouth,2026-10-10,0.0,86.8,1.12,0.1108
Laurienté,Sassuolo,seriea-2026-2026-10-11-sassuolo-v-milan,Sassuolo,Milan,2026-10-11,0.0,90.0,1.13,0.1107
Almeida,Santander,laliga-2026-2026-10-11-santander-v-valencia,Santander,Valencia,2026-10-11,0.0,40.7,2.03,0.1106
Rodrigo Mora,Roma,seriea-2026-2026-10-11-como-v-roma,Como,Roma,2026-10-11,0.486,46.2,1.14,0.1103
Luismi Cruz,La Coruna,laliga-2026-2026-10-11-real-sociedad-v-la-coruna,Real Sociedad,La Coruna,2026-10-11,0.226,57.0,1.23,0.1103
Lucas Calodat,Le Mans,ligue1-2026-2026-10-10-paris-sg-v-le-mans,Paris SG,Le Mans,2026-10-10,0.325,69.2,0.91,0.1098
Gomez,Brighton,pl-2026-2026-10-10-sunderland-v-brighton,Sunderland,Brighton,2026-10-10,0.0,86.6,1.11,0.1095
Redondo,Elche,laliga-2026-2026-10-11-elche-v-celta,Elche,Celta,2026-10-11,0.0,65.4,1.5,0.1094
Prosper Peter,Angers,ligue1-2026-2026-10-10-brest-v-angers,Brest,Angers,2026-10-10,0.57,79.0,0.72,0.1093
Evanilson,Bournemouth,pl-2026-2026-10-10-chelsea-v-bournemouth,Chelsea,Bournemouth,2026-10-10,0.0,84.8,1.12,0.1091
Ndour,Fiorentina,seriea-2026-2026-10-10-genoa-v-fiorentina,Genoa,Fiorentina,2026-10-10,0.0,85.2,1.11,0.1087
Nketiah,Crystal Palace,pl-2026-2026-10-11-crystal-palace-v-nott-m-forest,Crystal Palace,Nott'm Forest,2026-10-11,0.0,58.3,1.31,0.1081
Jérémy Le Douaron,Troyes,ligue1-2026-2026-10-11-troyes-v-marseille,Troyes,Marseille,2026-10-11,0.457,65.7,0.88,0.1078
Matić,Sassuolo,seriea-2026-2026-10-11-sassuolo-v-milan,Sassuolo,Milan,2026-10-11,0.0,82.4,1.13,0.1074
Slater,Hull City,pl-2026-2026-10-11-hull-city-v-everton,Hull City,Everton,2026-10-11,0.0,87.4,1.08,0.1073
Schlager,Nott'm Forest,pl-2026-2026-10-11-crystal-palace-v-nott-m-forest,Crystal Palace,Nott'm Forest,2026-10-11,0.0,90.0,1.0,0.1072
Isaksen,Lazio,seriea-2026-2026-10-11-lazio-v-monza,Lazio,Monza,2026-10-11,0.0,37.2,2.04,0.1061
Cambiaghi,Bologna,seriea-2026-2026-10-11-lecce-v-bologna,Lecce,Bologna,2026-10-11,0.0,75.2,1.18,0.1059
Renaud Ripart,Troyes,ligue1-2026-2026-10-11-troyes-v-marseille,Troyes,Marseille,2026-10-11,0.327,68.8,0.88,0.1055
Felix,Sevilla,laliga-2026-2026-10-12-levante-v-sevilla,Levante,Sevilla,2026-10-12,0.0,74.3,1.16,0.1052
Olmo,Barcelona,laliga-2026-2026-10-10-barcelona-v-getafe,Barcelona,Getafe,2026-10-10,0.0,37.0,2.4,0.1051
Alajbegović,Juventus,seriea-2026-2026-10-11-cagliari-v-juventus,Cagliari,Juventus,2026-10-11,0.0,60.2,1.31,0.1051
Amatucci,La Coruna,laliga-2026-2026-10-11-real-sociedad-v-la-coruna,Real Sociedad,La Coruna,2026-10-11,0.0,90.0,1.23,0.105
Morcillo,Elche,laliga-2026-2026-10-11-elche-v-celta,Elche,Celta,2026-10-11,0.0,61.4,1.5,0.1047
Mendy,Cagliari,seriea-2026-2026-10-11-cagliari-v-juventus,Cagliari,Juventus,2026-10-11,0.244,73.8,0.79,0.1045
Enciso,Ipswich Town,pl-2026-2026-10-10-ipswich-town-v-fulham,Ipswich Town,Fulham,2026-10-10,0.0,82.6,1.09,0.1045
Habib Diallo,Le Mans,ligue1-2026-2026-10-10-paris-sg-v-le-mans,Paris SG,Le Mans,2026-10-10,0.796,56.5,0.91,0.1043
L. Rioja,Valencia,laliga-2026-2026-10-11-santander-v-valencia,Santander,Valencia,2026-10-11,0.776,29.0,1.76,0.1035
Davis,Udinese,seriea-2026-2026-10-12-torino-v-udinese,Torino,Udinese,2026-10-12,0.0,67.2,1.18,0.1033
Fagioli,Fiorentina,seriea-2026-2026-10-10-genoa-v-fiorentina,Genoa,Fiorentina,2026-10-10,0.0,78.0,1.11,0.1027
Lukić,Ipswich Town,pl-2026-2026-10-10-ipswich-town-v-fulham,Ipswich Town,Fulham,2026-10-10,0.0,80.0,1.09,0.1023
Saelemaekers,Milan,seriea-2026-2026-10-11-sassuolo-v-milan,Sassuolo,Milan,2026-10-11,0.0,49.2,1.49,0.1022
Pavel Sulc,Lyon,ligue1-2026-2026-10-09-lens-v-lyon,Lens,Lyon,2026-10-09,0.0,86.0,1.0,0.1014
Crooks,Hull City,pl-2026-2026-10-11-hull-city-v-everton,Hull City,Everton,2026-10-11,0.0,67.7,1.08,0.101
Pobega,Bologna,seriea-2026-2026-10-11-lecce-v-bologna,Lecce,Bologna,2026-10-11,0.0,65.0,1.18,0.1009
Villalibre,Santander,laliga-2026-2026-10-11-santander-v-valencia,Santander,Valencia,2026-10-11,0.0,41.0,2.03,0.1
Isco,Betis,laliga-2026-2026-10-11-betis-v-osasuna,Betis,Osasuna,2026-10-11,0.0,46.7,1.89,0.0992
Yann Gboho,Toulouse,ligue1-2026-2026-10-10-monaco-v-toulouse,Monaco,Toulouse,2026-10-10,0.0,85.0,0.91,0.0992
Gorter,Lecce,seriea-2026-2026-10-11-lecce-v-bologna,Lecce,Bologna,2026-10-11,0.804,56.0,0.78,0.099
Carlens Arcus,Angers,ligue1-2026-2026-10-10-brest-v-angers,Brest,Angers,2026-10-10,0.273,82.5,0.72,0.0988
Branco Van Den Boomen,Angers,ligue1-2026-2026-10-10-brest-v-angers,Brest,Angers,2026-10-10,0.2,90.0,0.72,0.0982
Colpani,Monza,seriea-2026-2026-10-11-lazio-v-monza,Lazio,Monza,2026-10-11,0.341,66.0,0.75,0.0979
Dieng,Valencia,laliga-2026-2026-10-11-santander-v-valencia,Santander,Valencia,2026-10-11,0.0,45.4,1.76,0.0977
N. Deossa,Betis,laliga-2026-2026-10-11-betis-v-osasuna,Betis,Osasuna,2026-10-11,0.0,45.6,1.89,0.0975
Pathé I. Ciss,Rayo Vallecano,laliga-2026-2026-10-10-rayo-vallecano-v-ath-bilbao,Rayo Vallecano,Ath Bilbao,2026-10-10,0.0,90.0,1.2,0.0974
Ally Samatta,Le Havre,ligue1-2026-2026-10-10-lille-v-le-havre,Lille,Le Havre,2026-10-10,0.421,85.6,0.55,0.0972
De Frutos,Rayo Vallecano,laliga-2026-2026-10-10-rayo-vallecano-v-ath-bilbao,Rayo Vallecano,Ath Bilbao,2026-10-10,0.0,74.6,1.2,0.0971
da Cunha,Como,seriea-2026-2026-10-11-como-v-roma,Como,Roma,2026-10-11,0.0,66.2,1.18,0.0971
McAtee,Nott'm Forest,pl-2026-2026-10-11-crystal-palace-v-nott-m-forest,Crystal Palace,Nott'm Forest,2026-10-11,0.0,83.2,1.0,0.0966
Guridi,Sevilla,laliga-2026-2026-10-12-levante-v-sevilla,Levante,Sevilla,2026-10-12,0.255,50.4,1.16,0.0964
Lang,Napoli,seriea-2026-2026-10-10-napoli-v-frosinone,Napoli,Frosinone,2026-10-10,0.0,49.8,1.39,0.0962
Lo. Colombo,Genoa,seriea-2026-2026-10-10-genoa-v-fiorentina,Genoa,Fiorentina,2026-10-10,0.0,68.6,1.14,0.096
Luca Koleosho,Paris FC,ligue1-2026-2026-10-10-lorient-v-paris-fc,Lorient,Paris FC,2026-10-10,0.0,72.8,1.15,0.0959
Atta,Fiorentina,seriea-2026-2026-10-10-genoa-v-fiorentina,Genoa,Fiorentina,2026-10-10,0.0,70.4,1.11,0.0958
Pinamonti,Lazio,seriea-2026-2026-10-11-lazio-v-monza,Lazio,Monza,2026-10-11,0.0,31.5,2.04,0.0957
Zhegrova,Juventus,seriea-2026-2026-10-11-cagliari-v-juventus,Cagliari,Juventus,2026-10-11,1.895,23.8,1.31,0.0955
Amine Sbaï,Angers,ligue1-2026-2026-10-10-brest-v-angers,Brest,Angers,2026-10-10,0.211,85.4,0.72,0.095
D. Villares,La Coruna,laliga-2026-2026-10-11-real-sociedad-v-la-coruna,Real Sociedad,La Coruna,2026-10-11,0.789,38.0,1.23,0.095
Masini,Frosinone,seriea-2026-2026-10-10-napoli-v-frosinone,Napoli,Frosinone,2026-10-10,0.0,87.6,0.95,0.0947
Baldanzi,Genoa,seriea-2026-2026-10-10-genoa-v-fiorentina,Genoa,Fiorentina,2026-10-10,0.0,67.2,1.14,0.0946
Dovbyk,Bologna,seriea-2026-2026-10-11-lecce-v-bologna,Lecce,Bologna,2026-10-11,0.857,35.0,1.18,0.0944
Agoumé,Sevilla,laliga-2026-2026-10-12-levante-v-sevilla,Levante,Sevilla,2026-10-12,0.0,90.0,1.16,0.094
Fatawu,Ipswich Town,pl-2026-2026-10-10-ipswich-town-v-fulham,Ipswich Town,Fulham,2026-10-10,0.0,70.4,1.09,0.0939
Maxime Lopez,Paris FC,ligue1-2026-2026-10-10-lorient-v-paris-fc,Lorient,Paris FC,2026-10-10,0.0,76.4,1.15,0.0937
Bragança,Torino,seriea-2026-2026-10-12-torino-v-udinese,Torino,Udinese,2026-10-12,0.0,49.0,1.3,0.0933
Sow,Genoa,seriea-2026-2026-10-10-genoa-v-fiorentina,Genoa,Fiorentina,2026-10-10,0.0,65.6,1.14,0.093
Williams Jr,Ath Bilbao,laliga-2026-2026-10-10-rayo-vallecano-v-ath-bilbao,Rayo Vallecano,Ath Bilbao,2026-10-10,0.247,60.7,0.94,0.093
Robinson,Monza,seriea-2026-2026-10-11-lazio-v-monza,Lazio,Monza,2026-10-11,0.367,61.2,0.75,0.0926
M. Llorente,Ath Madrid,laliga-2026-2026-10-10-alaves-v-ath-madrid,Alaves,Ath Madrid,2026-10-10,0.0,66.4,1.38,0.0925
Jesús Rodríguez,Como,seriea-2026-2026-10-11-como-v-roma,Como,Roma,2026-10-11,0.0,54.3,1.18,0.0925
Loftus-Cheek,Milan,seriea-2026-2026-10-11-sassuolo-v-milan,Sassuolo,Milan,2026-10-11,0.0,45.4,1.49,0.0922
Saliba,Villarreal,laliga-2026-2026-10-10-real-madrid-v-villarreal,Real Madrid,Villarreal,2026-10-10,0.0,74.0,1.08,0.0922
Milla,Como,seriea-2026-2026-10-11-como-v-roma,Como,Roma,2026-10-11,0.0,61.2,1.18,0.0919
Otorbi,Valencia,laliga-2026-2026-10-11-santander-v-valencia,Santander,Valencia,2026-10-11,0.0,43.8,1.76,0.0917
Sebastian Nanasi,Strasbourg,ligue1-2026-2026-10-11-nice-v-strasbourg,Nice,Strasbourg,2026-10-11,0.0,76.0,1.13,0.0917
Ghedjemis,Frosinone,seriea-2026-2026-10-10-napoli-v-frosinone,Napoli,Frosinone,2026-10-10,0.0,69.7,0.95,0.0911
T. Morente,Elche,laliga-2026-2026-10-11-elche-v-celta,Elche,Celta,2026-10-11,0.0,56.9,1.5,0.0909
Unai Lopez,Rayo Vallecano,laliga-2026-2026-10-10-rayo-vallecano-v-ath-bilbao,Rayo Vallecano,Ath Bilbao,2026-10-10,0.0,79.4,1.2,0.0907
Cala,Espanyol,laliga-2026-2026-10-09-malaga-v-espanyol,Malaga,Espanyol,2026-10-09,0.232,55.4,1.01,0.0904
Take,Real Sociedad,laliga-2026-2026-10-11-real-sociedad-v-la-coruna,Real Sociedad,La Coruna,2026-10-11,0.0,44.6,1.65,0.0904
Stroud,Hull City,pl-2026-2026-10-11-hull-city-v-everton,Hull City,Everton,2026-10-11,0.0,62.2,1.08,0.0898
Ayoze,Villarreal,laliga-2026-2026-10-10-real-madrid-v-villarreal,Real Madrid,Villarreal,2026-10-10,0.256,50.1,1.08,0.0897
Riki,La Coruna,laliga-2026-2026-10-11-real-sociedad-v-la-coruna,Real Sociedad,La Coruna,2026-10-11,0.0,60.0,1.23,0.0892
Perrone,Como,seriea-2026-2026-10-11-como-v-roma,Como,Roma,2026-10-11,0.0,58.4,1.18,0.0889
Amine El Ouazzani,Angers,ligue1-2026-2026-10-10-brest-v-angers,Brest,Angers,2026-10-10,0.234,77.0,0.72,0.0887
Koopmeiners,Juventus,seriea-2026-2026-10-11-cagliari-v-juventus,Cagliari,Juventus,2026-10-11,0.581,31.0,1.31,0.0885
Odgaard,Bologna,seriea-2026-2026-10-11-lecce-v-bologna,Lecce,Bologna,2026-10-11,0.0,57.4,1.18,0.0877
Iago Aspas,Celta,laliga-2026-2026-10-11-elche-v-celta,Elche,Celta,2026-10-11,0.409,36.7,1.29,0.0876
Schmid,Frosinone,seriea-2026-2026-10-10-napoli-v-frosinone,Napoli,Frosinone,2026-10-10,0.0,77.6,0.95,0.0875
Mario S.,La Coruna,laliga-2026-2026-10-11-real-sociedad-v-la-coruna,Real Sociedad,La Coruna,2026-10-11,0.0,72.6,1.23,0.0874
Stach,Leeds,pl-2026-2026-10-10-arsenal-v-leeds,Arsenal,Leeds,2026-10-10,0.201,89.4,0.57,0.0872
Josh Maja,Le Havre,ligue1-2026-2026-10-10-lille-v-le-havre,Lille,Le Havre,2026-10-10,0.335,89.7,0.55,0.0872
Guedes,Real Sociedad,laliga-2026-2026-10-11-real-sociedad-v-la-coruna,Real Sociedad,La Coruna,2026-10-11,0.0,44.5,1.65,0.0869
A. Rebbach,Alaves,laliga-2026-2026-10-10-alaves-v-ath-madrid,Alaves,Ath Madrid,2026-10-10,0.0,80.1,1.14,0.0868
A. Adams,Venezia,seriea-2026-2026-10-12-atalanta-v-venezia,Atalanta,Venezia,2026-10-12,0.205,87.8,0.57,0.0857
Hainaut,Venezia,seriea-2026-2026-10-12-atalanta-v-venezia,Atalanta,Venezia,2026-10-12,0.188,90.0,0.57,0.0853
Miller,Udinese,seriea-2026-2026-10-12-torino-v-udinese,Torino,Udinese,2026-10-12,0.0,55.4,1.18,0.0853
Jean Vercruysse,Le Mans,ligue1-2026-2026-10-10-paris-sg-v-le-mans,Paris SG,Le Mans,2026-10-10,0.0,76.0,0.91,0.0849
Hugo A.,Celta,laliga-2026-2026-10-11-elche-v-celta,Elche,Celta,2026-10-11,0.0,55.8,1.29,0.0846
Cristian Casseres Jr,Toulouse,ligue1-2026-2026-10-10-monaco-v-toulouse,Monaco,Toulouse,2026-10-10,0.0,90.0,0.91,0.084
Lucas Bretelle,Le Mans,ligue1-2026-2026-10-10-paris-sg-v-le-mans,Paris SG,Le Mans,2026-10-10,0.0,74.7,0.91,0.0838
Blanco,Alaves,laliga-2026-2026-10-10-alaves-v-ath-madrid,Alaves,Ath Madrid,2026-10-10,0.0,75.1,1.14,0.0836
Kean,Como,seriea-2026-2026-10-11-como-v-roma,Como,Roma,2026-10-11,0.0,47.7,1.18,0.0832
Requena,Levante,laliga-2026-2026-10-12-levante-v-sevilla,Levante,Sevilla,2026-10-12,0.0,37.3,1.61,0.0824
E. Ponce,Elche,laliga-2026-2026-10-11-elche-v-celta,Elche,Celta,2026-10-11,0.0,40.3,1.5,0.0823
Romain Faivre,Auxerre,ligue1-2026-2026-10-11-rennes-v-auxerre,Rennes,Auxerre,2026-10-11,0.0,71.7,0.93,0.0823
Okafor,Leeds,pl-2026-2026-10-10-arsenal-v-leeds,Arsenal,Leeds,2026-10-10,0.301,74.8,0.57,0.0821
Anis Ouzenadji,Troyes,ligue1-2026-2026-10-11-troyes-v-marseille,Troyes,Marseille,2026-10-11,0.0,90.0,0.88,0.0812
Christ Makosso,Auxerre,ligue1-2026-2026-10-11-rennes-v-auxerre,Rennes,Auxerre,2026-10-11,0.0,76.2,0.93,0.081
Nteka,Rayo Vallecano,laliga-2026-2026-10-10-rayo-vallecano-v-ath-bilbao,Rayo Vallecano,Ath Bilbao,2026-10-10,0.0,51.0,1.2,0.0809
Boga,Juventus,seriea-2026-2026-10-11-cagliari-v-juventus,Cagliari,Juventus,2026-10-11,0.0,41.0,1.31,0.0808
Winks,Cagliari,seriea-2026-2026-10-11-cagliari-v-juventus,Cagliari,Juventus,2026-10-11,0.0,89.6,0.79,0.0807
Yeboah,Venezia,seriea-2026-2026-10-12-atalanta-v-venezia,Atalanta,Venezia,2026-10-12,0.224,80.2,0.57,0.0807
Deiola,Cagliari,seriea-2026-2026-10-11-cagliari-v-juventus,Cagliari,Juventus,2026-10-11,0.0,90.0,0.79,0.0795
Kandet Diawara,Troyes,ligue1-2026-2026-10-11-troyes-v-marseille,Troyes,Marseille,2026-10-11,0.0,73.0,0.88,0.0795
M. Neto,Elche,laliga-2026-2026-10-11-elche-v-celta,Elche,Celta,2026-10-11,0.0,40.2,1.5,0.0792
Adopo,Cagliari,seriea-2026-2026-10-11-cagliari-v-juventus,Cagliari,Juventus,2026-10-11,0.0,90.0,0.79,0.0788
Folorunsho,Monza,seriea-2026-2026-10-11-lazio-v-monza,Lazio,Monza,2026-10-11,0.0,83.5,0.75,0.0787
Hugo Duro,Valencia,laliga-2026-2026-10-11-santander-v-valencia,Santander,Valencia,2026-10-11,0.0,36.9,1.76,0.078
Dewsbury-Hall,Everton,pl-2026-2026-10-11-hull-city-v-everton,Hull City,Everton,2026-10-11,0.2,90.0,0.5,0.0779
Koke,Ath Madrid,laliga-2026-2026-10-10-alaves-v-ath-madrid,Alaves,Ath Madrid,2026-10-10,0.0,51.1,1.38,0.0778
Geubbels,Lecce,seriea-2026-2026-10-11-lecce-v-bologna,Lecce,Bologna,2026-10-11,0.0,66.5,0.78,0.0777
Kudus,Tottenham,pl-2026-2026-10-10-man-united-v-tottenham,Man United,Tottenham,2026-10-10,0.0,45.0,1.13,0.0774
Berenguer,Ath Bilbao,laliga-2026-2026-10-10-rayo-vallecano-v-ath-bilbao,Rayo Vallecano,Ath Bilbao,2026-10-10,0.321,46.7,0.94,0.0773
Javi H.,Espanyol,laliga-2026-2026-10-09-malaga-v-espanyol,Malaga,Espanyol,2026-10-09,0.0,80.1,1.01,0.0773
Monteiro,Lecce,seriea-2026-2026-10-11-lecce-v-bologna,Lecce,Bologna,2026-10-11,0.0,71.3,0.78,0.0773
Edu Expósito,Espanyol,laliga-2026-2026-10-09-malaga-v-espanyol,Malaga,Espanyol,2026-10-09,0.0,79.7,1.01,0.0771
Isaac,Sevilla,laliga-2026-2026-10-12-levante-v-sevilla,Levante,Sevilla,2026-10-12,0.427,35.2,1.16,0.0766
Williot,Celta,laliga-2026-2026-10-11-elche-v-celta,Elche,Celta,2026-10-11,0.0,51.7,1.29,0.0766
Johnny,Ath Madrid,laliga-2026-2026-10-10-alaves-v-ath-madrid,Alaves,Ath Madrid,2026-10-10,0.0,45.0,1.38,0.0766
Gerenabarrena,Ath Bilbao,laliga-2026-2026-10-10-rayo-vallecano-v-ath-bilbao,Rayo Vallecano,Ath Bilbao,2026-10-10,0.0,74.6,0.94,0.0764
G.tsitaishvili,Rayo Vallecano,laliga-2026-2026-10-10-rayo-vallecano-v-ath-bilbao,Rayo Vallecano,Ath Bilbao,2026-10-10,0.0,50.2,1.2,0.0764
Ejuke,Sevilla,laliga-2026-2026-10-12-levante-v-sevilla,Levante,Sevilla,2026-10-12,0.429,35.0,1.16,0.0763
Vitinha,Genoa,seriea-2026-2026-10-10-genoa-v-fiorentina,Genoa,Fiorentina,2026-10-10,0.0,49.8,1.14,0.0762
Romero,Parma,seriea-2026-2026-10-10-inter-v-parma,Inter,Parma,2026-10-10,0.994,45.2,0.59,0.0762
Wilson,Leeds,pl-2026-2026-10-10-arsenal-v-leeds,Arsenal,Leeds,2026-10-10,0.0,90.0,0.57,0.0759
Nsongo Bil,La Coruna,laliga-2026-2026-10-11-real-sociedad-v-la-coruna,Real Sociedad,La Coruna,2026-10-11,0.0,57.9,1.23,0.0757
Hjulmand,Ath Madrid,laliga-2026-2026-10-10-alaves-v-ath-madrid,Alaves,Ath Madrid,2026-10-10,0.0,48.9,1.38,0.0754
George,Everton,pl-2026-2026-10-11-hull-city-v-everton,Hull City,Everton,2026-10-11,0.291,77.2,0.5,0.0748
Dario Essugo,Strasbourg,ligue1-2026-2026-10-11-nice-v-strasbourg,Nice,Strasbourg,2026-10-11,0.0,47.5,1.13,0.0744
T. Martínez,Alaves,laliga-2026-2026-10-10-alaves-v-ath-madrid,Alaves,Ath Madrid,2026-10-10,0.0,58.2,1.14,0.0742
Lontani,Parma,seriea-2026-2026-10-10-inter-v-parma,Inter,Parma,2026-10-10,0.269,67.0,0.59,0.0741
Pedro Díaz,Rayo Vallecano,laliga-2026-2026-10-10-rayo-vallecano-v-ath-bilbao,Rayo Vallecano,Ath Bilbao,2026-10-10,0.0,53.7,1.2,0.0737
Thorstvedt,Sassuolo,seriea-2026-2026-10-11-sassuolo-v-milan,Sassuolo,Milan,2026-10-11,0.0,48.2,1.13,0.0735
Nico Guillen,Sevilla,laliga-2026-2026-10-12-levante-v-sevilla,Levante,Sevilla,2026-10-12,0.0,45.0,1.16,0.0735
Aaronson,Leeds,pl-2026-2026-10-10-arsenal-v-leeds,Arsenal,Leeds,2026-10-10,0.0,90.0,0.57,0.0726
Messias,Genoa,seriea-2026-2026-10-10-genoa-v-fiorentina,Genoa,Fiorentina,2026-10-10,0.0,46.6,1.14,0.0724
Pierotti,Lecce,seriea-2026-2026-10-11-lecce-v-bologna,Lecce,Bologna,2026-10-11,0.0,76.8,0.78,0.0724
Unai Gómez,Udinese,seriea-2026-2026-10-12-torino-v-udinese,Torino,Udinese,2026-10-12,0.0,44.4,1.18,0.0722
Oulaï,Fiorentina,seriea-2026-2026-10-10-genoa-v-fiorentina,Genoa,Fiorentina,2026-10-10,0.0,42.7,1.11,0.0717
Santi C.v.,Villarreal,laliga-2026-2026-10-10-real-madrid-v-villarreal,Real Madrid,Villarreal,2026-10-10,0.0,59.5,1.08,0.0714
C. Protesoni,Alaves,laliga-2026-2026-10-10-alaves-v-ath-madrid,Alaves,Ath Madrid,2026-10-10,0.0,46.3,1.14,0.0712
Jashari,Milan,seriea-2026-2026-10-11-sassuolo-v-milan,Sassuolo,Milan,2026-10-11,0.0,30.3,1.49,0.0709
Robbie Ure,Sevilla,laliga-2026-2026-10-12-levante-v-sevilla,Levante,Sevilla,2026-10-12,0.0,56.7,1.16,0.0708
Óscar V.,Rayo Vallecano,laliga-2026-2026-10-10-rayo-vallecano-v-ath-bilbao,Rayo Vallecano,Ath Bilbao,2026-10-10,0.0,53.1,1.2,0.0702
Harouna Djibirin,Angers,ligue1-2026-2026-10-10-brest-v-angers,Brest,Angers,2026-10-10,0.968,46.5,0.72,0.07
Akinsanmiro,Monza,seriea-2026-2026-10-11-lazio-v-monza,Lazio,Monza,2026-10-11,0.0,70.5,0.75,0.0697
Rayan Fofana,Le Havre,ligue1-2026-2026-10-10-lille-v-le-havre,Lille,Le Havre,2026-10-10,0.726,62.0,0.55,0.0695
Asp - Jensen,La Coruna,laliga-2026-2026-10-11-real-sociedad-v-la-coruna,Real Sociedad,La Coruna,2026-10-11,0.0,45.4,1.23,0.069
Amondarain,Bologna,seriea-2026-2026-10-11-lecce-v-bologna,Lecce,Bologna,2026-10-11,0.0,38.0,1.18,0.0687
Foe-Ondoa,Monza,seriea-2026-2026-10-11-lazio-v-monza,Lazio,Monza,2026-10-11,0.0,64.0,0.75,0.0685
Mella,La Coruna,laliga-2026-2026-10-11-real-sociedad-v-la-coruna,Real Sociedad,La Coruna,2026-10-11,0.0,40.7,1.23,0.0682
Mendoza,Ath Madrid,laliga-2026-2026-10-10-alaves-v-ath-madrid,Alaves,Ath Madrid,2026-10-10,0.0,35.7,1.38,0.0682
Grealish,Everton,pl-2026-2026-10-11-hull-city-v-everton,Hull City,Everton,2026-10-11,0.0,90.0,0.5,0.0681
Hackney,Everton,pl-2026-2026-10-11-hull-city-v-everton,Hull City,Everton,2026-10-11,0.0,90.0,0.5,0.0679
Marcos,Espanyol,laliga-2026-2026-10-09-malaga-v-espanyol,Malaga,Espanyol,2026-10-09,0.427,35.2,1.01,0.0673
M. Casadó,La Coruna,laliga-2026-2026-10-11-real-sociedad-v-la-coruna,Real Sociedad,La Coruna,2026-10-11,0.0,40.0,1.23,0.0673
Ousmane Camara,Angers,ligue1-2026-2026-10-10-brest-v-angers,Brest,Angers,2026-10-10,0.0,90.0,0.72,0.0666
Fazzini,Cagliari,seriea-2026-2026-10-11-cagliari-v-juventus,Cagliari,Juventus,2026-10-11,0.0,62.2,0.79,0.0663
Williams,Ath Bilbao,laliga-2026-2026-10-10-rayo-vallecano-v-ath-bilbao,Rayo Vallecano,Ath Bilbao,2026-10-10,0.0,65.3,0.94,0.0663
Neres,Napoli,seriea-2026-2026-10-10-napoli-v-frosinone,Napoli,Frosinone,2026-10-10,0.0,30.0,1.39,0.0655
Bašić,Venezia,seriea-2026-2026-10-12-atalanta-v-venezia,Atalanta,Venezia,2026-10-12,0.0,78.5,0.57,0.0654
Fini,Frosinone,seriea-2026-2026-10-10-napoli-v-frosinone,Napoli,Frosinone,2026-10-10,0.0,48.8,0.95,0.0654
Dotor,Malaga,laliga-2026-2026-10-09-malaga-v-espanyol,Malaga,Espanyol,2026-10-09,0.193,77.8,0.55,0.0653
Tanaka,Leeds,pl-2026-2026-10-10-arsenal-v-leeds,Arsenal,Leeds,2026-10-10,0.0,85.0,0.57,0.0652
Lipani,Sassuolo,seriea-2026-2026-10-11-sassuolo-v-milan,Sassuolo,Milan,2026-10-11,0.0,39.2,1.13,0.0649
Iker Muñoz,Osasuna,laliga-2026-2026-10-11-betis-v-osasuna,Betis,Osasuna,2026-10-11,0.0,79.3,0.8,0.0647
Canales,Ath Bilbao,laliga-2026-2026-10-10-rayo-vallecano-v-ath-bilbao,Rayo Vallecano,Ath Bilbao,2026-10-10,0.0,55.0,0.94,0.0644
Buchanan,Villarreal,laliga-2026-2026-10-10-real-madrid-v-villarreal,Real Madrid,Villarreal,2026-10-10,0.0,54.0,1.08,0.0639
R. De Galarreta,Ath Bilbao,laliga-2026-2026-10-10-rayo-vallecano-v-ath-bilbao,Rayo Vallecano,Ath Bilbao,2026-10-10,0.0,57.4,0.94,0.0635
Orsolini,Bologna,seriea-2026-2026-10-11-lecce-v-bologna,Lecce,Bologna,2026-10-11,0.0,34.7,1.18,0.0635
Denis Suárez,Alaves,laliga-2026-2026-10-10-alaves-v-ath-madrid,Alaves,Ath Madrid,2026-10-10,0.0,46.7,1.14,0.0634
İlkhan,Torino,seriea-2026-2026-10-12-torino-v-udinese,Torino,Udinese,2026-10-12,0.0,31.0,1.3,0.0633
Chupe,Malaga,laliga-2026-2026-10-09-malaga-v-espanyol,Malaga,Espanyol,2026-10-09,0.16,80.4,0.55,0.0631
Beto,Fiorentina,seriea-2026-2026-10-10-genoa-v-fiorentina,Genoa,Fiorentina,2026-10-10,0.0,36.7,1.11,0.063
Ilić,Lecce,seriea-2026-2026-10-11-lecce-v-bologna,Lecce,Bologna,2026-10-11,0.0,57.2,0.78,0.0617
Javi Galán,Celta,laliga-2026-2026-10-11-elche-v-celta,Elche,Celta,2026-10-11,0.0,38.5,1.29,0.0616
Cichella,Frosinone,seriea-2026-2026-10-10-napoli-v-frosinone,Napoli,Frosinone,2026-10-10,0.0,42.7,0.95,0.0611
Cepeda,Elche,laliga-2026-2026-10-11-elche-v-celta,Elche,Celta,2026-10-11,0.0,32.4,1.5,0.0607
R. Terrats,Getafe,laliga-2026-2026-10-10-barcelona-v-getafe,Barcelona,Getafe,2026-10-10,0.169,88.7,0.46,0.0606
Busio,Venezia,seriea-2026-2026-10-12-atalanta-v-venezia,Atalanta,Venezia,2026-10-12,0.0,85.0,0.57,0.0605
Keita,Parma,seriea-2026-2026-10-10-inter-v-parma,Inter,Parma,2026-10-10,0.0,90.0,0.59,0.0603
Brescianini,Fiorentina,seriea-2026-2026-10-10-genoa-v-fiorentina,Genoa,Fiorentina,2026-10-10,0.0,36.0,1.11,0.0599
Abel Bretones,Osasuna,laliga-2026-2026-10-11-betis-v-osasuna,Betis,Osasuna,2026-10-11,0.0,75.6,0.8,0.0595
Moi Gómez,Osasuna,laliga-2026-2026-10-11-betis-v-osasuna,Betis,Osasuna,2026-10-11,0.0,60.0,0.8,0.0593
Ampadu,Leeds,pl-2026-2026-10-10-arsenal-v-leeds,Arsenal,Leeds,2026-10-10,0.0,90.0,0.57,0.0593
Sota Nakamura,Le Havre,ligue1-2026-2026-10-10-lille-v-le-havre,Lille,Le Havre,2026-10-10,0.0,81.5,0.55,0.059
Gorrotxa,Real Sociedad,laliga-2026-2026-10-11-real-sociedad-v-la-coruna,Real Sociedad,La Coruna,2026-10-11,0.0,26.2,1.65,0.0588
G. Bouaré,Rayo Vallecano,laliga-2026-2026-10-10-rayo-vallecano-v-ath-bilbao,Rayo Vallecano,Ath Bilbao,2026-10-10,0.0,37.8,1.2,0.0587
Kike Barja,Osasuna,laliga-2026-2026-10-11-betis-v-osasuna,Betis,Osasuna,2026-10-11,0.38,39.5,0.8,0.0587
Kike Pérez,Venezia,seriea-2026-2026-10-12-atalanta-v-venezia,Atalanta,Venezia,2026-10-12,0.0,89.4,0.57,0.0586
Štulić,Lecce,seriea-2026-2026-10-11-lecce-v-bologna,Lecce,Bologna,2026-10-11,0.0,56.6,0.78,0.0583
Gnonto,Fiorentina,seriea-2026-2026-10-10-genoa-v-fiorentina,Genoa,Fiorentina,2026-10-10,0.0,33.3,1.11,0.058
G. Moscardo,Espanyol,laliga-2026-2026-10-09-malaga-v-espanyol,Malaga,Espanyol,2026-10-09,0.0,43.2,1.01,0.0574
Moncayola,Osasuna,laliga-2026-2026-10-11-betis-v-osasuna,Betis,Osasuna,2026-10-11,0.0,70.4,0.8,0.057
Röhl,Everton,pl-2026-2026-10-11-hull-city-v-everton,Hull City,Everton,2026-10-11,0.0,83.0,0.5,0.0569
Ivan,Getafe,laliga-2026-2026-10-10-barcelona-v-getafe,Barcelona,Getafe,2026-10-10,0.331,68.0,0.46,0.0569
Maleh,Lecce,seriea-2026-2026-10-11-lecce-v-bologna,Lecce,Bologna,2026-10-11,0.0,54.4,0.78,0.0566
Ngom,Lecce,seriea-2026-2026-10-11-lecce-v-bologna,Lecce,Bologna,2026-10-11,0.0,54.2,0.78,0.0565
E. Touré,Parma,seriea-2026-2026-10-10-inter-v-parma,Inter,Parma,2026-10-10,0.0,79.2,0.59,0.0562
Sagrado,Venezia,seriea-2026-2026-10-12-atalanta-v-venezia,Atalanta,Venezia,2026-10-12,0.492,45.8,0.57,0.0561
Hugo Sotelo,Levante,laliga-2026-2026-10-12-levante-v-sevilla,Levante,Sevilla,2026-10-12,0.0,24.8,1.61,0.0561
Cutrone,Monza,seriea-2026-2026-10-11-lazio-v-monza,Lazio,Monza,2026-10-11,0.0,52.5,0.75,0.0557
Kochorashvili,Sevilla,laliga-2026-2026-10-12-levante-v-sevilla,Levante,Sevilla,2026-10-12,0.0,37.0,1.16,0.0556
Sierro,Parma,seriea-2026-2026-10-10-inter-v-parma,Inter,Parma,2026-10-10,0.0,66.3,0.59,0.0555
Amorim,Genoa,seriea-2026-2026-10-10-genoa-v-fiorentina,Genoa,Fiorentina,2026-10-10,0.0,32.0,1.14,0.0553
Arnau Ortiz,Ath Madrid,laliga-2026-2026-10-10-alaves-v-ath-madrid,Alaves,Ath Madrid,2026-10-10,0.0,29.8,1.38,0.0551
A. Osambela,Osasuna,laliga-2026-2026-10-11-betis-v-osasuna,Betis,Osasuna,2026-10-11,0.0,58.0,0.8,0.055
Johnson,Everton,pl-2026-2026-10-11-hull-city-v-everton,Hull City,Everton,2026-10-11,0.0,79.3,0.5,0.055
Castro,Roma,seriea-2026-2026-10-11-como-v-roma,Como,Roma,2026-10-11,0.0,31.8,1.14,0.0549
Helgason,Venezia,seriea-2026-2026-10-12-atalanta-v-venezia,Atalanta,Venezia,2026-10-12,0.0,63.5,0.57,0.0547
Guruzeta,Ath Bilbao,laliga-2026-2026-10-10-rayo-vallecano-v-ath-bilbao,Rayo Vallecano,Ath Bilbao,2026-10-10,0.0,44.5,0.94,0.0544
Aimar,Osasuna,laliga-2026-2026-10-11-betis-v-osasuna,Betis,Osasuna,2026-10-11,0.0,50.3,0.8,0.0541
N. Moro,Bologna,seriea-2026-2026-10-11-lecce-v-bologna,Lecce,Bologna,2026-10-11,0.0,29.2,1.18,0.0531
Satriano,Getafe,laliga-2026-2026-10-10-barcelona-v-getafe,Barcelona,Getafe,2026-10-10,0.165,77.7,0.46,0.0529
Garner,Everton,pl-2026-2026-10-11-hull-city-v-everton,Hull City,Everton,2026-10-11,0.0,82.0,0.5,0.0527
Enes Ünal,Getafe,laliga-2026-2026-10-10-barcelona-v-getafe,Barcelona,Getafe,2026-10-10,0.167,77.1,0.46,0.0527
Armstrong,Everton,pl-2026-2026-10-11-hull-city-v-everton,Hull City,Everton,2026-10-11,0.0,89.2,0.5,0.0523
Caqueret,Como,seriea-2026-2026-10-11-como-v-roma,Como,Roma,2026-10-11,0.0,28.5,1.18,0.052
Bernabé,Parma,seriea-2026-2026-10-10-inter-v-parma,Inter,Parma,2026-10-10,0.0,61.0,0.59,0.0519
Haps,Venezia,seriea-2026-2026-10-12-atalanta-v-venezia,Atalanta,Venezia,2026-10-12,0.0,68.8,0.57,0.0519
Guevara,Alaves,laliga-2026-2026-10-10-alaves-v-ath-madrid,Alaves,Ath Madrid,2026-10-10,0.0,32.0,1.14,0.0518
Bayo,Udinese,seriea-2026-2026-10-12-torino-v-udinese,Torino,Udinese,2026-10-12,0.0,28.2,1.18,0.0515
Lucca,Napoli,seriea-2026-2026-10-10-napoli-v-frosinone,Napoli,Frosinone,2026-10-10,0.0,23.8,1.39,0.0509
Jauregizar,Ath Bilbao,laliga-2026-2026-10-10-rayo-vallecano-v-ath-bilbao,Rayo Vallecano,Ath Bilbao,2026-10-10,0.0,42.4,0.94,0.0504
Sohm,Venezia,seriea-2026-2026-10-12-atalanta-v-venezia,Atalanta,Venezia,2026-10-12,0.0,63.5,0.57,0.0489
Adama,La Coruna,laliga-2026-2026-10-11-real-sociedad-v-la-coruna,Real Sociedad,La Coruna,2026-10-11,0.0,28.0,1.23,0.0479
N'Dri,Lecce,seriea-2026-2026-10-11-lecce-v-bologna,Lecce,Bologna,2026-10-11,0.0,43.4,0.78,0.0476
Konaté,Parma,seriea-2026-2026-10-10-inter-v-parma,Inter,Parma,2026-10-10,0.0,51.5,0.59,0.0474
Bryan,Espanyol,laliga-2026-2026-10-09-malaga-v-espanyol,Malaga,Espanyol,2026-10-09,0.0,34.2,1.01,0.0473
Rubén García,Osasuna,laliga-2026-2026-10-11-betis-v-osasuna,Betis,Osasuna,2026-10-11,0.0,52.7,0.8,0.0471
Ordoñez,Parma,seriea-2026-2026-10-10-inter-v-parma,Inter,Parma,2026-10-10,0.0,57.0,0.59,0.0467
Domínguez,Sassuolo,seriea-2026-2026-10-11-sassuolo-v-milan,Sassuolo,Milan,2026-10-11,0.0,26.5,1.13,0.0465
Fran Pérez,Rayo Vallecano,laliga-2026-2026-10-10-rayo-vallecano-v-ath-bilbao,Rayo Vallecano,Ath Bilbao,2026-10-10,0.0,28.4,1.2,0.0464
Torró,Osasuna,laliga-2026-2026-10-11-betis-v-osasuna,Betis,Osasuna,2026-10-11,0.0,45.8,0.8,0.046
Raúl,Osasuna,laliga-2026-2026-10-11-betis-v-osasuna,Betis,Osasuna,2026-10-11,0.0,51.0,0.8,0.046
Dany Mota,Monza,seriea-2026-2026-10-11-lazio-v-monza,Lazio,Monza,2026-10-11,0.0,38.7,0.75,0.045
Mario Martín,Getafe,laliga-2026-2026-10-10-barcelona-v-getafe,Barcelona,Getafe,2026-10-10,0.0,83.2,0.46,0.0444
Yeremay,La Coruna,laliga-2026-2026-10-11-real-sociedad-v-la-coruna,Real Sociedad,La Coruna,2026-10-11,0.0,26.8,1.23,0.0439
D. Larrubia,Malaga,laliga-2026-2026-10-09-malaga-v-espanyol,Malaga,Espanyol,2026-10-09,0.0,82.0,0.55,0.043
I. Akhomach,Villarreal,laliga-2026-2026-10-10-real-madrid-v-villarreal,Real Madrid,Villarreal,2026-10-10,0.0,30.2,1.08,0.0427
Frigan,Parma,seriea-2026-2026-10-10-inter-v-parma,Inter,Parma,2026-10-10,0.0,45.0,0.59,0.0421
Simms,Coventry City,pl-2026-2026-10-12-coventry-city-v-newcastle,Coventry City,Newcastle,2026-10-12,0.0,90.0,0.3,0.0419
Zerbin,Frosinone,seriea-2026-2026-10-10-napoli-v-frosinone,Napoli,Frosinone,2026-10-10,0.0,28.5,0.95,0.0418
Izan M.,Malaga,laliga-2026-2026-10-09-malaga-v-espanyol,Malaga,Espanyol,2026-10-09,0.0,70.2,0.55,0.0411
Dani Lorenzo,Malaga,laliga-2026-2026-10-09-malaga-v-espanyol,Malaga,Espanyol,2026-10-09,0.0,68.5,0.55,0.0405
Correia,Venezia,seriea-2026-2026-10-12-atalanta-v-venezia,Atalanta,Venezia,2026-10-12,0.0,49.5,0.57,0.0402
Martínez,Malaga,laliga-2026-2026-10-09-malaga-v-espanyol,Malaga,Espanyol,2026-10-09,0.0,61.4,0.55,0.0394
Johan Mojica,Getafe,laliga-2026-2026-10-10-barcelona-v-getafe,Barcelona,Getafe,2026-10-10,0.0,82.5,0.46,0.039
Gudelj,Getafe,laliga-2026-2026-10-10-barcelona-v-getafe,Barcelona,Getafe,2026-10-10,0.0,74.8,0.46,0.0387
Bauza,Espanyol,laliga-2026-2026-10-09-malaga-v-espanyol,Malaga,Espanyol,2026-10-09,0.0,26.8,1.01,0.0382
Kevin Carlos,Cagliari,seriea-2026-2026-10-11-cagliari-v-juventus,Cagliari,Juventus,2026-10-11,0.0,30.3,0.79,0.038
Andres Garcia,Getafe,laliga-2026-2026-10-10-barcelona-v-getafe,Barcelona,Getafe,2026-10-10,0.0,78.7,0.46,0.0379
Tchaouna,Coventry City,pl-2026-2026-10-12-coventry-city-v-newcastle,Coventry City,Newcastle,2026-10-12,0.0,90.0,0.3,0.0379
Niño,Malaga,laliga-2026-2026-10-09-malaga-v-espanyol,Malaga,Espanyol,2026-10-09,0.928,32.3,0.55,0.0377
Mout,Monza,seriea-2026-2026-10-11-lazio-v-monza,Lazio,Monza,2026-10-11,0.0,33.6,0.75,0.0374
Thomas-Asante,Coventry City,pl-2026-2026-10-12-coventry-city-v-newcastle,Coventry City,Newcastle,2026-10-12,0.0,90.0,0.3,0.0374
Fode Doucoure,Le Havre,ligue1-2026-2026-10-10-lille-v-le-havre,Lille,Le Havre,2026-10-10,0.0,47.5,0.55,0.0371
Francho,Getafe,laliga-2026-2026-10-10-barcelona-v-getafe,Barcelona,Getafe,2026-10-10,0.0,70.2,0.46,0.0371
Moro,Osasuna,laliga-2026-2026-10-11-betis-v-osasuna,Betis,Osasuna,2026-10-11,0.0,34.2,0.8,0.0364
Fatah,Lecce,seriea-2026-2026-10-11-lecce-v-bologna,Lecce,Bologna,2026-10-11,0.0,30.0,0.78,0.0363
Fadera,Cagliari,seriea-2026-2026-10-11-cagliari-v-juventus,Cagliari,Juventus,2026-10-11,0.0,29.8,0.79,0.0363
Mangala,Getafe,laliga-2026-2026-10-10-barcelona-v-getafe,Barcelona,Getafe,2026-10-10,0.0,79.1,0.46,0.036
Dubasin,Osasuna,laliga-2026-2026-10-11-betis-v-osasuna,Betis,Osasuna,2026-10-11,0.0,36.1,0.8,0.0357
Yirenkyi,Coventry City,pl-2026-2026-10-12-coventry-city-v-newcastle,Coventry City,Newcastle,2026-10-12,0.0,88.3,0.3,0.0355
Alemâo,Rayo Vallecano,laliga-2026-2026-10-10-rayo-vallecano-v-ath-bilbao,Rayo Vallecano,Ath Bilbao,2026-10-10,0.0,20.2,1.2,0.0338
Joaquín,Malaga,laliga-2026-2026-10-09-malaga-v-espanyol,Malaga,Espanyol,2026-10-09,0.0,55.6,0.55,0.0335
Forson,Monza,seriea-2026-2026-10-11-lazio-v-monza,Lazio,Monza,2026-10-11,0.0,28.0,0.75,0.0329
Awoniyi,Coventry City,pl-2026-2026-10-12-coventry-city-v-newcastle,Coventry City,Newcastle,2026-10-12,0.0,77.3,0.3,0.0321
Almqvist,Parma,seriea-2026-2026-10-10-inter-v-parma,Inter,Parma,2026-10-10,0.783,23.0,0.59,0.0317
Grimes,Coventry City,pl-2026-2026-10-12-coventry-city-v-newcastle,Coventry City,Newcastle,2026-10-12,0.0,88.6,0.3,0.031
C. Aleñá,Alaves,laliga-2026-2026-10-10-alaves-v-ath-madrid,Alaves,Ath Madrid,2026-10-10,0.0,19.2,1.14,0.0308
Onyeka,Coventry City,pl-2026-2026-10-12-coventry-city-v-newcastle,Coventry City,Newcastle,2026-10-12,0.0,78.5,0.3,0.0304
Elphege,Parma,seriea-2026-2026-10-10-inter-v-parma,Inter,Parma,2026-10-10,0.0,33.0,0.59,0.0298
Rafa R.,Malaga,laliga-2026-2026-10-09-malaga-v-espanyol,Malaga,Espanyol,2026-10-09,0.0,39.8,0.55,0.0292
Rudoni,Coventry City,pl-2026-2026-10-12-coventry-city-v-newcastle,Coventry City,Newcastle,2026-10-12,0.0,74.2,0.3,0.0291
Fabbian,Parma,seriea-2026-2026-10-10-inter-v-parma,Inter,Parma,2026-10-10,0.0,31.0,0.59,0.0291
Mason-Clark,Coventry City,pl-2026-2026-10-12-coventry-city-v-newcastle,Coventry City,Newcastle,2026-10-12,0.0,57.8,0.3,0.0241
Cruz,Malaga,laliga-2026-2026-10-09-malaga-v-espanyol,Malaga,Espanyol,2026-10-09,0.0,34.6,0.55,0.0236
Al. Rrahmani,Venezia,seriea-2026-2026-10-12-atalanta-v-venezia,Atalanta,Venezia,2026-10-12,0.0,23.2,0.57,0.0211
Ramon,Malaga,laliga-2026-2026-10-09-malaga-v-espanyol,Malaga,Espanyol,2026-10-09,0.0,16.7,0.55,0.0129
